-- phpMyAdmin SQL Dump
-- version 4.1.8
-- http://www.phpmyadmin.net
--
-- Host: localhost
-- Generation Time: Mar 24, 2014 at 04:39 PM
-- Server version: 5.5.36-cll
-- PHP Version: 5.4.23

SET SQL_MODE = "NO_AUTO_VALUE_ON_ZERO";
SET time_zone = "+00:00";


/*!40101 SET @OLD_CHARACTER_SET_CLIENT=@@CHARACTER_SET_CLIENT */;
/*!40101 SET @OLD_CHARACTER_SET_RESULTS=@@CHARACTER_SET_RESULTS */;
/*!40101 SET @OLD_COLLATION_CONNECTION=@@COLLATION_CONNECTION */;
/*!40101 SET NAMES utf8 */;

--
-- Database: `infk6416_campusfinder`
--

-- --------------------------------------------------------

--
-- Table structure for table `bidang_ilmu`
--

CREATE TABLE IF NOT EXISTS `bidang_ilmu` (
  `kode_bidang_ilmu` varchar(10) NOT NULL,
  `nama_bidang_ilmu` varchar(50) NOT NULL,
  PRIMARY KEY (`kode_bidang_ilmu`)
) ENGINE=InnoDB DEFAULT CHARSET=latin1;

--
-- Dumping data for table `bidang_ilmu`
--

INSERT INTO `bidang_ilmu` (`kode_bidang_ilmu`, `nama_bidang_ilmu`) VALUES
('A', 'KESEHATAN'),
('B', 'TEKNIK'),
('C', 'MIPA'),
('D', 'PERTANIAN'),
('E', 'KOMPUTER'),
('F', 'EKONOMI'),
('G', 'SOSIAL'),
('H', 'PSIKOLOGI'),
('I', 'HUKUM'),
('J', 'AGAMA DAN FILSAFAT'),
('K', 'BUDAYA DAN SASTRA'),
('L', 'KEPENDIDIKAN'),
('M', 'SENI'),
('N', 'ANEKA ILMU');

-- --------------------------------------------------------

--
-- Table structure for table `jenjang`
--

CREATE TABLE IF NOT EXISTS `jenjang` (
  `kode_jenjang` varchar(10) NOT NULL,
  `nama_jenjang` varchar(50) NOT NULL,
  PRIMARY KEY (`kode_jenjang`)
) ENGINE=InnoDB DEFAULT CHARSET=latin1;

--
-- Dumping data for table `jenjang`
--

INSERT INTO `jenjang` (`kode_jenjang`, `nama_jenjang`) VALUES
('A', 'S3'),
('B', 'S2'),
('C', 'S1'),
('D', 'D4'),
('E', 'D3'),
('F', 'D2'),
('G', 'D1'),
('H', 'Sp-1'),
('I', 'Sp-2'),
('J', 'PROFESI'),
('X', 'NON-AKADEMIK');

-- --------------------------------------------------------

--
-- Table structure for table `kampus`
--

CREATE TABLE IF NOT EXISTS `kampus` (
  `kode_pt` varchar(6) NOT NULL,
  `nama_pt` varchar(50) NOT NULL,
  `alamat` varchar(100) NOT NULL,
  `kota` varchar(20) NOT NULL,
  `kodepost` varchar(5) NOT NULL,
  `telepon` varchar(20) NOT NULL,
  `fax` varchar(20) NOT NULL,
  `email` varchar(50) NOT NULL,
  `website` varchar(30) NOT NULL,
  `nama_yayasan` varchar(50) NOT NULL,
  `ketua_yayasan` varchar(50) NOT NULL,
  `ketua_pt` varchar(50) NOT NULL,
  `latitude` double NOT NULL,
  `longitude` double NOT NULL,
  PRIMARY KEY (`kode_pt`)
) ENGINE=InnoDB DEFAULT CHARSET=latin1;

--
-- Dumping data for table `kampus`
--

INSERT INTO `kampus` (`kode_pt`, `nama_pt`, `alamat`, `kota`, `kodepost`, `telepon`, `fax`, `email`, `website`, `nama_yayasan`, `ketua_yayasan`, `ketua_pt`, `latitude`, `longitude`) VALUES
('041002', 'Universitas Islam Bandung', 'Jl. Tamansari No.1', 'Bandung', '40116', '(022)4205546', '(022)4236589', 'humas@unisba.ac.id', 'www.unisba.ac.id', 'Yayasan Pendidikan Islam', 'DR.KH. MIFTAH FARIDL', 'Prof. Dr.dr. H.M. Taufiq Boesoirie, MS.,Sp.THT.,KL', -6.903496, 107.608046),
('041003', 'Universitas Islam Nusantara', 'Jalan Soekarno Hatta No 530', 'Bandung', '40286', '(022)7509663', '022-7509663', 'info@uninus.ac.id', 'www.uninus.ac.id', 'Yayasan Islam Nusantara', 'LETJEN(PURN) H. ACHMAD RUSTANDI.SH', 'DIDIN WAHIDIN, M.Pd', -6.945145, 107.644128),
('041006', 'Universitas Katolik Parahyangan', 'Jl. Ciumbuleuit No. 94', 'Bandung', '40141', '(022) 2032655', '022-2031110', 'humas@home.unpar.ac.id', 'www.unpar.ac.id', 'Yayasan Universitas Katolik Parahyangan', 'HENK TARCISIUS SENGKEY, DRS.', 'Prof. Robertus Wahyudi Triweko, Ph.D', -6.87577, 107.604499),
('041007', 'Universitas Kristen Maranatha', 'Jl. Prof. Drg. Suria Sumantri No. 65', 'Bandung', '40164', '(022) 2012186 / 2003', '(022) 2015154', 'humas@maranatha.edu', 'www.maranatha.edu', 'Yayasan Perguruan Tinggi Kristen Maranatha', 'Ir. Beng Sugiharto', 'HASIAN P SEPTORATNO SIREGAR, Prof. Dr.', -6.886286, 107.580927),
('041008', 'Universitas Pasundan', 'Jalan Tamansari No 4-8', 'Bandung', '', '022 - 4205945', '022 - 4205945', 'humas@unpas.ac.id', 'http://www.unpas.ac.id', 'Yayasan Pendidikan Tinggi Pasundan', 'Prof.Dr.H. Idrus Affandi, SH.', 'MOHAMMAD DIDI TURMUDZI, Prof. Dr.', -6.904721, 107.607999),
('041015', 'Universitas Langlangbuana', 'Jalan Karapitan No 116', 'Bandung', '40261', '022-4218084', '022-437144', '', 'http://www.unla.ac.id', 'Yayasan Pendidikan Tribhakti', 'H. UTANG R WARMANA, S.E., M.M.', 'Drs. H. ALI HANAFIAH, M.M.', -6.931283, 107.615292),
('041016', 'Universitas Bandung Raya', 'Jalan Ranggagading No 8', 'Bandung', '40124', '', '', 'unbar@bdg.centrin.net.id', 'unbar.wordpress.com', 'Yayasan Pembina Unbar', 'SUKAR SAMSUDI', 'RASJID SUKARJA, Prof. Dr.', -6.902739, 107.610169),
('041025', 'Universitas Nurtanio', 'Jalan Pajajaran No 219', 'Bandung', '40174', '(022) 6034484', '(022) 6034484', 'unnur@unnur.ac.id', 'www.unnur.ac.id', 'Yayasan Adi Upaya', 'SUTRISNO S.P., S.Ip. ', 'ABDUL MADJID, M.Sc', -6.90508, 107.581708),
('041027', 'Universitas Komputer Indonesia', 'Jalan Dipatiukur No 112-114', 'Bandung', '40132', '(022) 2504119 / 2533', '(022) 2533754', 'infoperwalian@unikom.ac.id', 'www.unikom.ac.id', 'Yayasan Science Dan Teknologi', 'NY. LASMAYA  OLI', 'EDDY SURYANTO S, Dr.', -6.886799582854551, 107.6152406472388),
('041031', 'Universitas Nasional Pasim', 'Jalan Terusan Pasteur No 167', 'Bandung', '', '022-6020409', '022-6020344', 'informasi@pasim.ac.id', 'http://www.pasim.ac.id', 'Yayasan Pendidikan Kader Keuangan & Perbankan', 'POPPY RACHMALIA TRISANTI, S.E.', 'DESFITRIADY, S.E.', -6.892541, 107.581686),
('041034', 'Universitas Widyatama', 'Jalan Cikutra No 204-A', 'Bandung', '', '022-7274010', '022-7274010', 'utama@widyatama.ac.id', 'http://www.widyatama.ac.id', 'Yayasan Widyatama', 'PROF. DR. HJ. KOESBANDIJAH AK, M.S., AK.', 'MAME SLAMET SUTOKO, Dr.', -6.897925, 107.645636),
('041036', 'Universitas Kebangsaan', 'Jalan Terusan Halimun No 37', 'Bandung', '40263', '022-7301987', '022-7303088', 'univkebangsaan@yahoo.com', 'http://www.universitaskebangsa', 'Yayasan Pendidikan Kebangsaan', 'PRABOWO SUBIANTO', 'SUROSO IMAM ZADJULI, Prof.', -6.926826, 107.626812),
('041037', 'Universitas Al-ghifari', 'Jalan Cisaranten Kulon No 140', 'Bandung', '40293', '(022) 7835813 / 9112', '022-7835845', 'unfari.bdg@gmail.com', 'universitasalghifari.wordpress', 'Yayasan Al-ghifari', 'H SAEPUDIN DJAJARAHMAT, DRS.', 'DEDEN SUHENDAR, M.Si', -6.898961, 107.640998),
('041044', 'Universitas Sangga Buana', 'Jalan PHH Mustopa No 68', 'Bandung', '40124', '(022) 7275489 / 7202', '022-7201756', 'admin@usbypkp.ac.id', 'http://www.usbypkp.ac.id', 'Yayasan Pendidikan Keuangan Dan Perbankan', 'H. SUPRIYADI,SH', 'T DZULKARNAIN AMIN, Prof. Dr.', -6.899227, 107.64073),
('041046', 'Universitas Informatika Dan Bisnis Indonesia', 'Jalan Purnawarman No 34-36B', 'Bandung', '', '022-4265399', '022-4209308', 'e_unibi@unibi.ac.id', 'http://www.unibi.ac.id', 'Yayasan Ganesha Nusantara', 'Drs. Ir. JOHNSON, M.M.', 'BOB FOSTER, Dr.', -6.907921, 107.609761),
('041047', 'Universitas Wanita Internasional', 'Jl. Kartini No. 10/Van De Venter No.14', 'Bandung', '', '', '', '', '', '', '', '', -6.922188, 107.61794),
('041048', 'Universitas Bale Bandung', 'Jl Raa Wiranatakusumah / Baleenoah', 'Bandung', '40258', '022 - 5940443', '022 - 5949221', 'rektorat@unibba.ac.id ', 'http://www.unibba.ac.id/', 'Yayasan Pendidikan Bale Bandung', '', 'Dra. NENENG NENIH, MP', -6.992098, 107.6227),
('041052', 'Universitas BSI', '', 'Bandung', '', '022-7100124', '022-7100133', '', 'http://universitas.bsi.ac.id/p', '', '', 'Prof. Dr. H. M. Ahman Sya', -6.91134, 107.649386),
('042002', 'Institut Teknologi Nasional Bandung', 'Jalan PHH Mustapha No 23', 'Bandung', '40124', '022-7272215', '022-7202892', 'humas@itenas.ac.id', 'http://www.itenas.ac.id', '', '', 'Dr. Ir. Imam Aschuri, M.T.', -6.897401, 107.635999),
('042005', 'Institut Teknologi Sains Bandung', 'Jalan Ir H Juanda No 215', 'Bandung', '40135', '(022) 2502750', '', '', '', '', '', 'I GDE WIDIADNYANA MERATI, Prof. Dr.', -6.881639, 107.616011),
('042006', 'Institut Teknologi Harapan Bangsa', 'Jalan Dipatiukur No 82', 'Bandung', '40132', '025-06636, 025-06604', '025-07901', 'itdept@ithb.ac.id', 'http://www.ithb.ac.id', '', '', 'SAMUEL TEGUH TARIGAN, M.B.A.', -6.88889, 107.616086),
('042008', 'Institut Teknologi Telkom', 'Jl. Telekomunikasi No. 1 Ters. Buah Batu, Dayeuhkolot', 'Bandung', '40257', '(022) 7564108', '(022) 7565200 / (022', 'info@ittelkom.ac.id', 'http://www.ittelkom.ac.id', '', '', 'AHMAD TRI HANURANTO, Ir., M.T', -6.976005, 107.63109),
('042009', 'Institut Manajemen Telkom', 'Jalan Gegerkalong Hilir No 47', 'Bandung', '', '022-2011384-85', '022-2011387', 'info@imtelkom.ac.id', 'www.imtelkom.ac.id', '', '', 'Ir. Husni Amani, M.M., M.Sc', -6.870146, 107.590103),
('043001', 'Sekolah Tinggi Hukum Bandung', 'Jalan Cihampelas No 8', 'Bandung', '40116', '022-4203236', '022-4203236', 'sthb@bdg.centrin.net.id', 'http://www.sthb.ac.id', '', '', 'HATTA, SH.,MH.,DR', -6.906566, 107.604539),
('043018', 'Sekolah Tinggi Ilmu Ekonomi Tridharma', 'Jalan PH Hasan Mustafa No 30', 'Bandung', '40124', '022-7201613', '022-7201615', 'tridharm@mweb.net.id', 'www.tridharma.ac.id', '', '', 'SLAMET RIYADI BISRI, Dr.', -6.898309, 107.638276),
('043021', 'Sekolah Tinggi Ilmu Ekonomi Inaba', 'Jalan Soekarno Hatta No 448', 'Bandung', '', '022-7563921', '', '', '', 'Yayasan Indonesia Membangun', '', 'Dr. H. Gurawan Dayona, SE, MM', -6.949461, 107.62295),
('043022', 'Sekolah Tinggi Ilmu Ekonomi Ekuitas', 'Jalan Kejaksaan No 10', 'Bandung', '', '022-70778332-7276323', '022-7204597', '', 'www.ekuitas.ac.id', '', '', '', -6.898327, 107.638287),
('043026', 'Sekolah Tinggi Ilmu Ekonomi STEMBI', 'Jalan Buah Batu No 26', 'Bandung', '40262', '', '022-7307967', 'stembi_bdg@yahoo.co.id', '', '', '', 'MOCHAMMAD IDOCHI ANWAR, Prof.Dr', -6.930414, 107.624073),
('043027', 'STMIK Mardira Indonesia', 'Jalan Soekarno Hatta No 211', 'Bandung', '40235', '022-5230382', '022-5230382', 'info@stmik-mi.ac.id', 'http://www.stmik-mi.ac.id', '', '', 'KOMARUDIN, M.M.', -6.946774, 107.592),
('043035', 'Sekolah Tinggi Bahasa Asing Yapari', 'Jalan Cihampelas 194', 'Bandung', '40131', '(022) 2035426', '', '', '', '', '', 'Drs. H. MUNDARI MUHADA, Dipl. TEFL', -6.893852, 107.603517),
('043038', 'Sekolah Tinggi Sains Dan Teknologi Indonesia', 'Jl. Ir. H. Djuanda No. 126B, 126F, 130C', 'Bandung', '40132', '(022)  2504523', '(022)  2510390', 'inten@st-inten.ac.id', 'http://www.st-inten.ac.id', '', '', 'INU HARDI KUSUMAH, M.Pd', -6.889372, 107.613664),
('043040', 'Sekolah Tinggi Teknologi Mandala', 'Jl. Soekarno-Hatta No. 597 ( Terusan Kiara Condong)', 'Bandung', '', '022-7301738 / 707910', '022-7304854', '', '', '', '', 'Prof. Dr. DWIJONO,  MT', -6.944532, 107.643844),
('043042', 'Sekolah Tinggi Ilmu Administrasi Bagasasi', 'Jalan Cukang Jati No 5', 'Bandung', '40273', '022-7306538', '022-7331036', 'info@stia-bagasasi.com', 'http://stia-bagasasi.com', '', '', 'DJOEMAD TJIPTOWARDOJO, M.M', -6.918307, 107.632699),
('043043', 'Sekolah Tinggi Ilmu Ekonomi Pasundan', 'Jalan Turangga', 'Bandung', '', '022-7303249', '022-7309128', 'info@stiepas.ac.id', 'http://www.stiepas.ac.id', '', '', 'DEDI HADIAN, M.M.', -6.93254, 107.634856),
('043045', 'Sekolah Tinggi Ilmu Komunikasi Bandung', 'Jl. P.H. Hasan Mustafa no. 72', 'Bandung', '40124', '022 - 7211996, 022 -', '022 - 7207387 ', '', 'http://stikombandung.ac.id', '', '', 'HADI PURNAMA, Drs.', -6.8998, 107.641488),
('043046', 'Sekolah Tinggi Pertanian Jawa Barat', 'Jl. Terusan Buah Batu No. 167', 'Bandung', '40287', '022-7507700', '022-7503709', 'stp_jabar@plasa.com', '', '', '', 'ABDUL RODJAK, Dr.', -6.957248, 107.638827),
('043049', 'Sekolah Tinggi Teknologi Mineral Indonesia', 'JL. Garut', 'Bandung', '', '(022) 7304461', '(022) 7304461', 'sttmi_ybr@yahoo.com', '', '', '', 'Dr. H. Terry sriwana Drs., MSc.', -6.917273, 107.631712),
('043056', 'Sekolah Tinggi Ilmu Ekonomi Pariwisata YAPARI', 'JL PROF DR IR SUTAMI 81', 'Bandung', '', '', '', '', '', '', '', '', -6.87854, 107.58661),
('043059', 'Sekolah Tinggi Teknologi Bandung', 'Jalan Kartini', 'Bandung', '', '(022) 5221133 / 5222', '', '', '', '', '', 'DODI PERMADI, M.T', -6.918468, 107.61754),
('043063', 'STMIK Bandung', 'Jl. P.H. Hasan Mustafa No. 33', 'Bandung', '40124', '(022) 7207777', '(022) 7207777', 'info@stmik-bandung.ac.id', 'http://www.stmik-bandung.ac.id', 'Yayasan STMIK-Bandung', '', 'DR. Abdurrahman MT.', -6.898362, 107.638008),
('043071', 'STMIK Likmi', 'Jl. Ir. H Djuanda No. 96', 'Bandung', '40132', '022-2502121', '022-2502121', 'info@likmi.ac.id', 'http://www.likmi.ac.id', '', '', 'DANIEL KURNIA, Ph.D', -6.895214, 107.613148),
('043073', 'STMIK IM', 'Jl. Jakarta No. 79', 'Bandung', '', '022-727-2672', '022-727-1693', 'info@stmik-im.ac.id', 'http://www.stmik-im.ac.id', '', '', 'JANUARI RITONGA, Dr', -6.913566, 107.643001),
('043078', 'Sekolah Tinggi Pariwisata Ars Internasional', 'Jl. Sekolah Internasional No. 1 Antapani', 'Bandung', '', '(022) 7204283', '(022) 7204286', 'stmp@ars-internasional.ac.id', 'http://www.ars-internasional.a', '', '', 'ODA IGNATIUS BESAR HARYANTO, M.Si', -6.910786, 107.650008),
('043079', 'Sekolah Tinggi Desain Indonesia Bandung', 'Jl. Wastukencana No. 52', 'Bandung', '40116', '(022) 4233058', '', '', '', '', '', 'AGUS DODY PURNOMO, M. Ds', -6.904079, 107.604714),
('043086', 'STMIK Jabar', 'Jl. Soekarno - Hatta No. 775 Jl. Cisaranten Kulon No. 140', 'Bandung', '40293', '022-7335108', '022-7335108', 'stmikjabar@gmail.com', 'http://www.stisip.yuppentek.ac', '', '', 'MOEHAMAD TAUFIK, M.Si', -6.937839, 107.677221),
('043104', 'STMIK Tulus Cendekia', 'Jl. Kawaluyaan Raya No. 20 C. Soekarno - Hatta', 'Bandung', '40286', '022-7323250', '022-7206467', 'stmiktc@bdg.centrin.net.id', 'http:www.stmiktc.com', '', '', 'YAKOBUS SETYOKO, S.T', -6.946774, 107.592),
('043113', 'Sekolah Tinggi Teknologi Jawa Barat', 'Jl. Ciganitri Terusan Buah Batu, Bojongsoang', 'Bandung', '(022)', '', '', '', '', '', '', 'TOM MASKUN, S.Pd', -6.976002, 107.631093),
('043115', 'Sekolah Tinggi Farmasi Bandung', 'Jl. Soekarno-Hatta No. 754', 'Bandung', '40161', '022-7830760', '022-7830760', 'contact@stfb.ac.id', 'http://www.stfb.ac.id', '', '', 'Prof. H. YUDI PADMADISASTRA, M.Sc., Ph.D., Apt.', -6.949309, 107.630001),
('043128', 'Sekolah Tinggi Ilmu Ekonomi Gema Widya Bangsa', 'Jl. Raya Tagog Cimekar No. 28 Cileunyi', 'Bandung', '40393', '022-7801977', '022-7801977', 'stie_madyasa@yahoo.com', '', '', '', 'DEDEN MASTAKA EKAPRAJA, M.M.', -6.935384, 107.728875),
('043135', 'Sekolah Tinggi Ilmu Ekonomi Muhammadiyah Bandung', 'Jl. Karapitan No. 143', 'Bandung', '40262', '022-7305155', '022-7305155', 'stiemuhammadiyah_bdg@yahoo.com', 'http://www.geocities.com/stiem', '', '', 'ASEP SYAMSUL ARIFIN, Drs.', -6.931351, 107.615788),
('043137', 'STMIK Amik Bandung', 'Jl. Jakarta No. 28', 'Bandung', '40272', '022-7271136', '022-7271136', 'info@stmik-abg.ac.id', 'www.stmik-amikbandung.ac.id', '', '', 'BAMBANG EKO PUTRANTO, Drs.', -6.914621, 107.638008),
('043141', 'Sekolah Tinggi Ilmu Administrasi Bandung', 'Jalan Soekarno Hatta', 'Bandung', '40116', '(022) 4233058', '', '', '', '', '', 'AGUS DODY PURNOMO, M. Ds', -6.903594, 107.618823),
('043153', 'Sekolah Tinggi Ilmu Ekonomi Stan Im', 'Jl. Jakarta No. 79', 'Bandung', '40272', '022-7272672', '022-7271693', 'info@stan-im.ac.id', 'http://stan-im.ac.id', '', '', 'JANUARI RITONGA, Dr.', -6.914177, 107.639834),
('043156', 'Sekolah Tinggi Ilmu Ekonomi Dharma Agung Bandung', 'Jl. Lodaya No. 38 A', 'Bandung', '', '(022) 7313775 / (022', '', 'berial.zaelani@gmail.com', '', '', '', 'DENI DRIMAWAN, MM.', -6.932357, 107.62579),
('043166', 'STKIP Persatuan Islam', 'Jl. Pajagalan No. 14', 'Bandung', '40241', '022-7010-5342', '022-422-0704', 'ihsan72@yahoo.com', '', '', '', 'IHSAN SETIADI LATIEF, msi', -6.926221, 107.600644),
('043186', 'Sekolah Tinggi Kesehatan Indonesia Wirautama', 'Jl. Raya Andir No. 17 B Ciparay', 'Bandung', '40381', '022-5950767-5950921', '022-5959809', 'stkindo2wirautama@gmail.com', '', '', '', 'Prof. Dr. H. Abdul Somad, M.Pd', -6.914739, 107.609865),
('043187', 'Sekolah Tinggi Seni Musik Bandung', 'Jl. Lamping No. 18', 'Bandung', '40161', '', '', '', '', '', '', 'BUCKY WIBAWA KARYA GUNA, M.Si', -6.943356, 107.627515),
('043191', 'Sekolah Tinggi Farmasi Indonesia Bandung', 'Jl. Soekarno - Hatta No. 354 (Parakan Resik I)', 'Bandung', '40266', '', '(022) 7566666', 'stfindonesia@gmail.com', 'http://www.stfi.ac.id/', 'Yayasan Hazanah Graha Dwi Putra', '', 'Drs. Tato Suprapto B, MM.,Apt.', -6.949288, 107.629998),
('043192', 'Sekolah Tinggi Teknologi Informatika Sony Sugema', 'Jl. Cisangkuy No. 20', 'Bandung', '40114', '', '', '', '', '', '', 'KAHAR MULYANI, S.T.', -6.905155, 107.628998),
('043198', 'STMIK Ganesha Bandung', 'Jl. Kiaracondong No. 416', 'Bandung', '', '', '', '', '', '', '', 'RACHMAT HIDAYAT, Ph.D.', -6.942307, 107.641993),
('043203', 'Sekolah Tinggi Ilmu Kesehatan Bhakti Kencana', 'Jl. Soekarno - Hatta No. 754', 'Bandung', '', '022-7830768', '', '', '', '', '', 'Agus Mi''raj Darajat, S.Pd., S.Kep., Ners., M.Kes', -6.942894, 107.648425),
('043205', 'Sekolah Tinggi Ilmu Kesehatan Immanuel Bandung', 'Jl. Kopo/ Jl. K.H. Wahid Hasyim No. 161', 'Bandung', '40234', '022-5212326-5242327', '022-5212326', 'info@stik-immanuel.ac.id', 'www.stik-immanuel.ac.id', '', '', 'AGUS H SAIMAN, dr, SpKj,(K), MBA', -6.934676, 107.595988),
('043208', 'Sekolah Tinggi Teknologi Nasional Bandung', 'Jl. Tubagus Ismail No. 57', 'Bandung', '', '', '', '', '', '', '', 'BAMBANG, IR,MT.', -6.929251, 107.627814),
('043212', 'Sekolah Tinggi Ilmu Kesehatan Dharma Husada', 'Terusan Jalan Jakarta No. 75', 'Bandung', '', '022-7204803', '022-7204803', '', '', '', '', 'Dr. Hj. SURYANI Soepardan, Dra., M.M.', -6.91265, 107.650806),
('043243', 'STMIK LPKIA Bandung', 'Jl. Soekarno-Hatta No. 456', 'Bandung', '', '', '', '', '', '', '', 'KIKI SADELI SATIBI, Drs.', -6.942862, 107.648414),
('043262', 'Sekolah Tinggi Teknologi Pratama Adi', 'Jl. Raya Banjaran No. 687', 'Bandung', '', '', '', '', '', '', '', 'ADI SUPRIADI ADUNG,', -6.946774, 107.592),
('043268', 'STMIK Dharma Negara', 'Jl. Babakansari No. 68', 'Bandung', '', '022-7202024-7275358', '', '', '', '', '', 'H. Achmad Dimyati, Drs., SE., Ak', -6.922353, 107.649746),
('043269', 'STIE Dharma Negara', 'Jl. Babakansari No. 68', 'Bandung', '', '022-7202024-7275358', '', '', 'www.dnbs.ac.id', '', '', 'H. Achmad Dimyati, Drs., SE., Ak', -6.924891, 107.649399),
('043275', 'Sekolah Tinggi Ilmu Ekonomi Kridatama Bandung', 'Jl. Terusan Borobudur No. 1 - 4 ( Depan TVRI ) Cibaduyut', 'Bandung', '40239', '', '', '', '', '', '', 'P SANTIKA, M.M.', -6.960448, 107.589891),
('043296', 'Sekolah Tinggi Ilmu Ekonomi Harapan Bangsa', 'Jl. Dipatiukur No. 82', 'Bandung', '40132', '', '', '', '', '', '', 'SEHAT E GINTING S, S.E.', -6.890797, 107.616933),
('043301', 'Sekolah Tinggi Ilmu Kesehatan Santo Borromeus', 'Jl. Ir. H. Djuanda No. 101', 'Bandung', '40132', '022-2505821', '022-2505821', 'sekretariat@stikesborromeus.com', 'www.stikesborromeus.com', '', '', 'Ns. CM RETNO SUNARTYASIH, S.Kep., MH', -6.893918, 107.613766),
('043307', 'Sekolah Tinggi Ilmu Kesehatan Rajawali', 'Jl. Rajawali Barat No. 38', 'Bandung', '40184', '(022) 6079141', '', '', '', '', '', 'TONIKA TOHRI, M.Kes', -6.91258, 107.573615),
('043315', 'STIKEP PPNI Jawa Barat', 'Jl. Pasteur No. 21', 'Bandung', '40161', '022-4202225-4212053', '', '', '', '', '', 'BHAKTI PERMANA, S.Kep., Ners., M.Si', -6.901629, 107.595747),
('043317', 'Sekolah Tinggi Analis Bakti Asih', 'Jl. Padasuka Atas No. 233', 'Bandung', '40192', '022-7203733-87241634', '022-7203733', '', 'staba.ac.id', '', '', 'Suryatmana Tanuwidjaja, Drs., MSi', -6.884743, 107.662625),
('043324', 'STISI TELKOM', 'Jl. Telekomunikasi No. 1 Ters. Buah Batu, Dayeuhkolot', 'Bandung', '', '', '', '', '', '', '', '', -6.945584, 107.640588),
('044002', 'Akademi Akuntansi Bandung', 'Jl. Merdeka No. 33', 'Bandung', '40117', '022-4215678', '022-4238300', 'info@a2b.ac.id', 'http://www.a2b.ac.id', 'Yayasan Pendidikan Adikoesoema', 'R NANANG K. SOEMITA', 'NOY NOY SOEKARSIH, S.E.', -6.908697, 107.61014),
('044022', 'Akademi Sekretari Manajemen Taruna Bakti', 'Jl. L. L. R. E. Martadinata No. 93 - 95', 'Bandung', '40115', '', '', '', '', '', '', 'MULYANINGSIH, M.Si', -6.90896, 107.610528),
('044033', 'Akademi Manajemen Informatika Dan Komputer Hass', 'Jl. R.A.A Martanegara No. 60', 'Bandung', '', '', '022-7304811', '', '', '', '', 'ARIF BUDIMAN, M.M.', -6.934345, 107.633593),
('044034', 'Akademi Pariwisata Tadika Puri', 'Jl. Soekarno Hatta No. 729', 'Bandung', '', '307824, 306733', '', '', '', '', '', '', -6.947501, 107.597815),
('044049', 'Akademi Sekretari Dan Manajemen Kencana Bandung', 'Jl. Babakan Surabaya No. 44 Kiaracondong', 'Bandung', 'Bandu', '40283', '(022) 7100167 / 7100', '', '', '', '', '', -6.921723, 107.649147),
('044050', 'Akademi Pariwisata Bandung', 'Jl. Ir. H. Djuanda No. 294B', '', '', '', '', '', '', '', '', '', -6.910813, 107.649994),
('044051', 'Akademi Perdagangan Bandung', 'Gd. Propelat R.111Jl.R.E. Martadinata No. 86', 'Bandung', '', '', '', '', '', '', '', 'FAUWZA ATMODIRONO, Dra.', -6.873038, 107.619942),
('044071', 'Akademi Sekretari Dan Manajemen Ariyanti', 'JL Pasirkaliki 127-129-131', 'Bandung', '40173', '022-6011698', '022-6018604', 'ariyanti@indosat.net.id', 'IDI JAHIDI, M.Si', '', '', 'IDI JAHIDI, M.Si', -6.903635, 107.597538),
('044072', 'Akademi Tata Boga Bandung', 'Jl. Raya Cinunuk No. 186', 'Bandung', '', '', '', '', '', '', '', 'Hj.DIAH BANYUNI, S.Sos.,M.Pd', -6.937788, 107.7299),
('044074', 'Akademi Teknologi Bandung', 'Jl. Padasuka No. A2 - A3', 'Bandung', '40192', '', '', '', '', '', '', 'A NURROCHMAN, Drs.', -6.928094, 107.733497),
('044075', 'Akademi Industri Tekstil Bandung', 'Jl. Terusan Jakarta No.112 - Antapani', 'Bandung', '40131', '022-2509159', '022-2509159', 'aitbtekstil@yahoo.com', '', 'Yayasan Citra Kapas Bandung', 'H. AHMAD SAELAN', 'TAUFIK RACHMAN, Ir.', -6.890452, 107.604),
('044082', 'Akademi Pariwisata Sandhy Putra', 'Jl. Windu No. 19', 'Bandung', '40263', '(022) 7305296', '022-7333828', '', '', 'Yayasan Sandhykara Putra Telkom', '', ' Dra. RATU RATNA MULYATI K.', -6.925247, 107.624948),
('044092', 'Akademi Teknologi Aeronautika Siliwangi', 'Jl. Pajajaran No. 92 ( STM Penerbangan )', 'Bandung', '40173', '', '', '', '', '', '', '', -6.906742, 107.588875),
('044093', 'Akademi Pariwisata Nasional Indonesia Bandung', 'Jl. Damar No. 2A', 'Bandung', '', '', '', '', '', '', '', 'ANTHINY BARBO, Drs.', -6.891305, 107.599337),
('044109', 'Akademi Perekam Medis & Informatika Kesehatan', 'Jl. WR. Supratman No. 41', 'Bandung', '40112', '', '', '', '', '', '', 'Drs. MUCHLIS RASJID, MARS', -6.914728, 107.609811),
('044111', 'Akademi Pariwisata NHI Bandung', 'Jl. Dr. Setiabudhi No. 186', 'Bandung', '40141', '(022) 2040921 / 2002', '', '', '', '', '', 'BAMBANG SUNGKONO, S.Sos', -6.870812, 107.59351),
('044124', 'Akademi Keuangan dan Bisnis Indonesia Internasiona', 'Gd. Propelat R.111Jl.R.E. Martadinata No. 86', 'Bandung', '', '', '', '', '', '', '', 'RULY BUDIONO, M.Sc', -6.896192, 107.612445),
('044133', 'Akademi Bahasa Asing Internasional Bandung', '"Kampus 1: Jl. Soekarno Hatta no 22 Kampus 2: Jl. PARAHYANGAN KM.2(Sebelah Barli),KOTA BARU PARAHYAN', 'Bandung', '40212', '022-6005133; 022-680', '022-6005133; 022-680', 'aba.internasional@gmail.com', '', '', '', 'Drs. Willy Prayogo, MBA, M.M', -6.945659, 107.629804),
('044143', 'Akademi Keperawatan Kebonjati', 'Jl. Kawaluyaan No. 70', 'Bandung', '', '', '', '', '', '', '', 'TATI WIARTI, Dra.', -6.936484, 107.656517),
('044162', 'AMIK BSI Bandung', 'Jl. sekolah internasional no.1-6 terusan jl. jakarta- antapani', 'Bandung', '', '022-7100124', '022700133', '', '', '', '', 'YOPI HANDRIANTO, S.Kom', -6.927478, 107.616775),
('044168', 'Akademi Sekretari Dan Manajemen BSI Bandung', 'Jl. Sekolah Internasional no.1-6 terusan jl. jakarta - antapani', 'Bandung', '', '022-7100124', '022-700133', '', '', '', '', 'RAE NETSI HUDY, S.E., MMSI', -6.930535, 107.621525),
('044180', 'Akademi Keperawatan Bhakti Kencana Bandung', 'Jl. Sindang Sari No. 100 Ujung Berung', 'Bandung', '', '(022)7808512', '(022)7808512', '', '', 'YPPKM Bhakti Kencana', 'H.MULYANA, SH.,M.Pd', 'H. Manaf, BSc., S.Pd', -6.919967, 107.701245),
('044188', 'Akademi Kebidanan Ar-Rahmah Bandung', 'Jl. Pasteur No. 21A', 'Bandung', '12345', '(022)-4214127', '(022)-4214127', 'andi@akbidarrahmah.ac.id', 'http://www.akbidarrahmah.ac.id', 'Yayasan Karimur Rahmah', 'DR. H. LILI WAHYU MUSLIHAT, MSC', 'DIAH NURMAYAWATI, SH., MMPd., M.Kes', -6.899938, 107.599545),
('044216', 'Akademi Kebidanan Aisyiyah Bandung', 'Jl. KH. Ahmad Dahlan Dalam No.6', 'Bandung', '40264', '022 -7301745', '022 -7305269', 'mwac.aisyiyah_bdg@yahoo.com', '', 'Pimpinan Wilayah Aisyiyah Jawa Barat', 'Hj. Heni Nur`aeni, SH.', 'Dr. ATTI SEMIATI SEMAUN, M.M', -6.932966, 107.623797),
('044217', '', 'Komplek Istana Regensi II B-1 Jl. Letu Suparmin', 'Bandung', '12345', '022-5422877 - 78', '022-5422877', 'akbid_dewisartika@yahoo.co.id', '', 'Yayasan Sapta Buana', 'Dr.Ruskandi Martaatmadja,SpA', 'ERMA MARIAM, S.S.T', -6.892792, 107.604281),
('044224', 'Akademi Kebidanan Medica Obgin', 'Jl. P.H.Hasan Mustapa No. 58', 'Bandung', '40124', '7200035', '7200035', 'medika_obgin@yahoo.co.id', '', 'Yayasan Medica Obgin', 'Achmad Suardi, dr., SpOG(K)', 'FARID, dr., Sp.OG(K), M.Kes., M.H. Kes', -6.898959, 107.638477),
('044228', 'Akademi Kebidanan Bandung', 'Jl. LNU Nurtanio/Garuda no.79/83 Bnadung', 'Bandung', '', '(022)6034136', '', 'info@akbidbdg-ciaraputri.ac.id', 'www.akbidbdg-ciaraputri.ac.id', '', '', 'Dra. Hj. Jumiarni Ilyas, M.Kes', -6.911116, 107.577653),
('045001', 'Politeknik Industri Dan Niaga Bandung', 'Jl. Soekarno Hatta No. 729', 'Bandung', '42086', '', '', '', '', '', '', '', -6.937044, 107.668003),
('045002', 'Politeknik Pajajaran Insan Cinta Bangsa Bandung', 'trs. Jln. Jakarta', 'Bandung', '', '', '', '', '', '', '', 'PARLINDUNGAN HUTAHAEAN, M.M', -6.901445, 107.652438),
('045008', 'Politeknik Komputer Niaga Lpkia', 'Jl. Soekarno - Hatta No. 456', 'Bandung', '', '', '', '', '', '', '', 'KIKI SADELI SATIBI, Drs', -6.942764, 107.648941),
('045009', 'Politeknik Pos Indonesia', 'Jl. Terusan Sari Asih No. 54', 'Bandung', '40151', '022 2009570', '022 2009568', 'info@poltekpos.ac.id', 'www.poltekpos.ac.id', '', '', 'Prof. Dr. H. Sutarman, Ir., M.Sc', -6.875402, 107.577176),
('045011', 'Politeknik Manufaktur Igasa Pindad', 'Jl. Cisaranten Kulon No. 17', 'Bandung', '', '', '', '', '', '', '', 'EPEP MASDUHA, M.M', -6.94539, 107.641946),
('045013', 'Politeknik LP3I Bandung', 'Jl. Pahlawan No. 59', 'Bandung', '40123', '', '', '', '', '', '', 'ADRIZA, M.Si', -6.896934, 107.634073),
('045018', 'Politeknik Praktisi Bandung', 'Jl. Purnawarman No. 10B', 'Bandung', '', '', '', '', '', '', '', 'MUNIR MACHMUD ALI, M.B.A', -6.912042, 107.61047),
('045027', 'Politeknik Piksi Ganesha', 'Jl. Jenderal Gatot Subroto No. 301 E - F - G - H', 'Jl. Jenderal Gatot S', '40274', '(022) 87340030', '(022) 87340086', 'piksionline@yahoo.com', 'piksi-ganesha-online.ac.id', '', '', 'K PRIHARTONO AH, M.M', -6.926801, 107.635878),
('045030', 'Politeknik Al-Islam Bandung', 'Jl. Cisaranten No. 120', 'Bandung', '', '', '', '', '', '', '', 'OEMY R SYARIEF,', -6.929517, 107.680608),
('045031', 'Politeknik Kridatama Bandung', 'Jl. Terusan Borobudur No. 1- 4 ( Depan TVRI ) Cibaduyut', 'Bandung', '40239', '', '', '', '', '', '', 'RINI AYU SUSANTI, M.Pd', -6.958489, 107.591588),
('045034', 'Politeknik Kesehatan TNI-AU Ciumbuleuit', 'Jl. Ciumbuleuit No. 203', 'Bandung', '40142', '(022) 2036550', '(022) 2036550', 'poltekestniau@pro.net.id', '', '', '', 'Drs. H. Budiman Zainuddin, M.M', -6.864361, 107.604997);

-- --------------------------------------------------------

--
-- Table structure for table `pengguna`
--

CREATE TABLE IF NOT EXISTS `pengguna` (
  `username` varchar(50) NOT NULL,
  `password` varchar(50) NOT NULL
) ENGINE=InnoDB DEFAULT CHARSET=latin1;

--
-- Dumping data for table `pengguna`
--

INSERT INTO `pengguna` (`username`, `password`) VALUES
('admin', 'admin');

-- --------------------------------------------------------

--
-- Table structure for table `prodi`
--

CREATE TABLE IF NOT EXISTS `prodi` (
  `kode_prodi` varchar(5) NOT NULL DEFAULT '',
  `kode_jenjang` varchar(1) DEFAULT NULL,
  `nama_prodi` varchar(47) DEFAULT NULL,
  `kode_bidang_ilmu` varchar(1) DEFAULT NULL,
  PRIMARY KEY (`kode_prodi`),
  KEY `FK_prodi_jenjang` (`kode_jenjang`),
  KEY `FK_prodi_bidangilmu` (`kode_bidang_ilmu`)
) ENGINE=InnoDB DEFAULT CHARSET=latin1;

--
-- Dumping data for table `prodi`
--

INSERT INTO `prodi` (`kode_prodi`, `kode_jenjang`, `nama_prodi`, `kode_bidang_ilmu`) VALUES
('11001', 'A', 'ILMU KEDOKTERAN', 'A'),
('11002', 'A', 'ILMU KEDOKTERAN DASAR', 'A'),
('11101', 'B', 'ILMU KEDOKTERAN DASAR', 'A'),
('11102', 'B', 'ILMU KEDOKTERAN KELUARGA', 'A'),
('11103', 'B', 'ILMU KEDOKTERAN KLINIS', 'A'),
('11104', 'B', 'ILMU KEDOKTERAN TROPIS', 'A'),
('11105', 'B', 'IMUNOLOGI', 'A'),
('11106', 'B', 'BIOMEDIK', 'A'),
('11107', 'B', 'PULMONOLOGI', 'A'),
('11108', 'B', 'ERGONOMI FISIOLOGI KERJA', 'A'),
('11109', 'B', 'PENDIDIKAN DOKTER', 'A'),
('11122', 'B', 'ILMU KESEHATAN OLAH RAGA', 'A'),
('11123', 'B', 'TEKNOLOGI BIOMEDIS', 'A'),
('11201', 'C', 'PENDIDIKAN DOKTER', 'A'),
('11202', 'C', 'FISIOTERAPI', 'A'),
('11301', 'D', 'FISIOTERAPI', 'A'),
('11306', 'D', 'PENGOBATAN TRADISIONAL CINA', 'A'),
('11401', 'E', 'FISIOTERAPI', 'A'),
('11402', 'E', 'RADIODIAGNOSTIK DAN RADIOTERAPI', 'A'),
('11403', 'E', 'OKUPASI TERAPI', 'A'),
('11404', 'E', 'REFRAKSI OPTISI', 'A'),
('11406', 'E', 'PENGOBATAN TRADISIONAL', 'A'),
('11407', 'E', 'AKUPUNKTUR', 'A'),
('11408', 'E', 'TEKNIK KARDIOVASCULER', 'A'),
('11608', 'G', 'TEKNIK TRANSFUSI DARAH', 'A'),
('11701', 'H', 'ILMU PENYAKIT MATA', 'A'),
('11702', 'H', 'ILMU PENYAKIT DALAM', 'A'),
('11703', 'H', 'ILMU PENYAKIT SYARAF', 'A'),
('11704', 'H', 'ILMU PENYAKIT KULIT DAN KELAMIN', 'A'),
('11705', 'H', 'ILMU PENYAKIT THT', 'A'),
('11706', 'H', 'ILMU ANESTESI', 'A'),
('11707', 'H', 'ILMU BEDAH', 'A'),
('11708', 'H', 'ILMU KEBIDANAN DAN PENYAKIT KANDUNGAN', 'A'),
('11709', 'H', 'ILMU PENYAKIT PARU', 'A'),
('11710', 'H', 'ILMU KEDOKTERAN FORENSIK', 'A'),
('11711', 'H', 'ILMU KESEHATAN ANAK', 'A'),
('11712', 'H', 'ILMU BEDAH ORTOPAEDI', 'A'),
('11713', 'H', 'ILMU BEDAH UROLOGI', 'A'),
('11714', 'H', 'ILMU BEDAH PLASTIK', 'A'),
('11715', 'H', 'ILMU PENYAKIT JANTUNG', 'A'),
('11717', 'H', 'ILMU BEDAH ANAK', 'A'),
('11718', 'H', 'ILMU PATOLOGI ANATOMI', 'A'),
('11719', 'H', 'ILMU PATOLOGI KLINIK', 'A'),
('11720', 'H', 'ILMU KEDOKTERAN NUKLIR', 'A'),
('11721', 'H', 'ILMU KEDOKTERAN FISIK DAN REHABILITASI', 'A'),
('11722', 'H', 'ILMU KEDOKTERAN OLAHRAGA', 'A'),
('11723', 'H', 'RADIOLOGI', 'A'),
('11724', 'H', 'PSIKIATRI', 'A'),
('11725', 'H', 'MIKROBIOLOGI KLINIK', 'A'),
('11726', 'H', 'FARMAKOLOGI KLINIK', 'A'),
('11727', 'H', 'ILMU KEDOKTERAN OKUPASI', 'A'),
('11728', 'H', 'ORTHOPAEDIK DAN TRAUMATOLOGI', 'A'),
('11901', 'J', 'PROFESI DOKTER', 'A'),
('12001', 'A', 'ILMU KEDOKTERAN GIGI', 'A'),
('12101', 'B', 'ILMU KEDOKTERAN GIGI', 'A'),
('12102', 'B', 'ILMU KEDOKTERAN GIGI DASAR', 'A'),
('12103', 'B', 'ILMU KEDOKTERAN GIGI KOMUNITAS', 'A'),
('12201', 'C', 'PENDIDIKAN DOKTER GIGI', 'A'),
('12401', 'E', 'TEKNIK GIGI', 'A'),
('12701', 'H', 'ILMU BEDAH MULUT', 'A'),
('12702', 'H', 'ILMU PENYAKIT MULUT', 'A'),
('12703', 'H', 'ILMU KONSERVASI GIGI', 'A'),
('12704', 'H', 'ILMU KESEHATAN GIGI ANAK', 'A'),
('12705', 'H', 'PERIODONSIA', 'A'),
('12706', 'H', 'ORTODONSIA', 'A'),
('12707', 'H', 'PROSTODONSIA', 'A'),
('12901', 'J', 'PROFESI DOKTER GIGI', 'A'),
('13001', 'A', 'ILMU KESEHATAN MASYARAKAT', 'A'),
('13011', 'A', 'ILMU GIZI', 'A'),
('13021', 'A', 'EPIDEMIOLOGI', 'A'),
('13101', 'B', 'ILMU KESEHATAN MASYARAKAT', 'A'),
('13111', 'B', 'ILMU GIZI', 'A'),
('13121', 'B', 'EPIDEMIOLOGI', 'A'),
('13122', 'B', 'KESEHATAN REPRODUKSI', 'A'),
('13131', 'B', 'PROMOSI KESEHATAN', 'A'),
('13141', 'B', 'KESEHATAN DAN KESELAMATAN KERJA', 'A'),
('13151', 'B', 'KESEHATAN LINGKUNGAN', 'A'),
('13161', 'B', 'ADMINISTRASI RUMAH SAKIT', 'A'),
('13163', 'B', 'ADMINISTRASI KEBIJAKAN KESEHATAN', 'A'),
('13201', 'C', 'KESEHATAN MASYARAKAT', 'A'),
('13211', 'C', 'ILMU GIZI', 'A'),
('13241', 'C', 'KESEHATAN DAN KESELAMATAN KERJA', 'A'),
('13251', 'C', 'KESEHATAN LINGKUNGAN', 'A'),
('13261', 'C', 'ADMINISTRASI RUMAH SAKIT', 'A'),
('13341', 'D', 'KESEHATAN DAN KESELAMATAN KERJA', 'A'),
('13353', 'D', 'ANALIS KESEHATAN', 'A'),
('13411', 'E', 'GIZI', 'A'),
('13421', 'E', 'EPIDEMIOLOGI', 'A'),
('13431', 'E', 'PROMOSI DAN PERILAKU KESEHATAN', 'A'),
('13441', 'E', 'HIPERKES DAN KESELAMATAN KERJA', 'A'),
('13451', 'E', 'KESEHATAN LINGKUNGAN', 'A'),
('13452', 'E', 'ANALIS LINGKUNGAN', 'A'),
('13453', 'E', 'ANALIS KESEHATAN', 'A'),
('13461', 'E', 'ADMINISTRASI RUMAH SAKIT', 'A'),
('13462', 'E', 'PEREKAM DAN INFORMASI KESEHATAN', 'A'),
('14101', 'B', 'ILMU KEPERAWATAN', 'A'),
('14201', 'C', 'ILMU KEPERAWATAN', 'A'),
('14301', 'D', 'PERAWAT PENDIDIK', 'A'),
('14401', 'E', 'KEPERAWATAN', 'A'),
('14701', 'H', 'ILMU KEPERAWATAN', 'A'),
('14901', 'J', 'Pendidikan Profesi Ners', 'A'),
('15101', 'B', 'KEBIDANAN', 'A'),
('15201', 'C', 'KEBIDANAN', 'A'),
('15301', 'D', 'BIDAN PENDIDIK', 'A'),
('15401', 'E', 'KEBIDANAN', 'A'),
('20001', 'A', 'ILMU TEKNIK ELEKTRO', 'B'),
('20002', 'A', 'OPTO ELEKTRONIKA LASER', 'B'),
('20101', 'B', 'TEKNIK ELEKTRO', 'B'),
('20102', 'B', 'OPTO ELEKTRONIKA LASER', 'B'),
('20103', 'B', 'INSTRUMENTASI DAN KONTROL', 'B'),
('20201', 'C', 'TEKNIK ELEKTRO', 'B'),
('20202', 'C', 'TEKNIK TELEKOMUNIKASI', 'A'),
('20301', 'D', 'TEKNIK ELEKTRONIKA', 'B'),
('20302', 'D', 'TEKNIK TELEKOMUNIKASI', 'B'),
('20303', 'D', 'TEKNIK LISTRIK', 'B'),
('20304', 'D', 'TEKNIK TELEKOMUNIKASI NIRKABEL', 'B'),
('20401', 'E', 'TEKNIK ELEKTRONIKA', 'B'),
('20402', 'E', 'TEKNIK TELEKOMUNIKASI', 'B'),
('20403', 'E', 'TEKNIK LISTRIK', 'B'),
('20501', 'F', 'ELEKTRONIKA', 'B'),
('20601', 'G', 'ELEKTRONIKA', 'B'),
('20602', 'G', 'TELEKOMUNIKASI', 'B'),
('20603', 'G', 'TEKNIK LISTRIK', 'B'),
('21001', 'A', 'ILMU TEKNIK MESIN', 'B'),
('21101', 'B', 'TEKNIK MESIN', 'B'),
('21201', 'C', 'TEKNIK MESIN', 'B'),
('21301', 'D', 'TEKNIK MESIN PRODUKSI DAN PERAWATAN', 'B'),
('21303', 'D', 'TEKNIK OTOMOTIF ELEKTRONIK', 'B'),
('21306', 'D', 'TEKNIK KONSERVASI KONVERSI ENERGI', 'B'),
('21312', 'D', 'TEKNIK MEKATRONIKA', 'B'),
('21401', 'E', 'TEKNIK MESIN', 'B'),
('21402', 'E', 'MESIN INDUSTRI', 'B'),
('21403', 'E', 'MESIN OTOMOTIF', 'B'),
('21404', 'E', 'MESIN PERKAKAS', 'B'),
('21405', 'E', 'TEKNIK PENDINGIN DAN TATA UDARA', 'B'),
('21406', 'E', 'TEKNIK KONVERSI ENERGI', 'B'),
('21407', 'E', 'TEKNIK MANUFAKTUR', 'B'),
('21408', 'E', 'PERAWATAN DAN PERBAIKAN MESIN', 'B'),
('21409', 'E', 'PERANCANGAN MEKANIK', 'B'),
('21410', 'E', 'PENGECORAN LOGAM', 'B'),
('21411', 'E', 'TEKNIK PERANCANGAN MANUFAKTUR', 'B'),
('21412', 'E', 'TEKNIK MEKATRONIKA', 'B'),
('21413', 'E', 'ALAT BERAT', 'B'),
('21414', 'E', 'POLA PENGECORAN', 'B'),
('21501', 'F', 'TEKNIK MESIN', 'B'),
('21601', 'G', 'TEKNIK MESIN', 'B'),
('22001', 'A', 'ILMU TEKNIK SIPIL', 'B'),
('22101', 'B', 'TEKNIK SIPIL', 'B'),
('22102', 'B', 'SISTEM DAN TEKNIK JALAN RAYA', 'B'),
('22201', 'C', 'TEKNIK SIPIL', 'B'),
('22301', 'D', 'PERANCANGAN JALAN DAN JEMBATAN', 'B'),
('22302', 'D', 'MANAJEMEN REKAYASA KONSTRUKSI', 'B'),
('22303', 'D', 'TEKNIK PERUMAHAN DAN PEMUKIMAN', 'B'),
('22304', 'D', 'TEKNIK BANGUNAN RAWA', 'B'),
('22401', 'E', 'TEKNIK SIPIL', 'B'),
('22402', 'E', 'TEKNIK KONSTRUKSI SIPIL', 'B'),
('22403', 'E', 'TEKNIK KONSTRUKSI GEDUNG', 'B'),
('22404', 'E', 'TEKNIK SIPIL BANGUNAN AIR', 'B'),
('22405', 'E', 'TEKNIK SIPIL BANGUNAN TRANSPORTASI', 'B'),
('22406', 'E', 'TEKNIK JALAN RAYA', 'B'),
('22503', 'F', 'KONSTRUKSI GEDUNG', 'B'),
('23001', 'A', 'ILMU ARSITEKTUR', 'B'),
('23101', 'B', 'ARSITEKTUR', 'B'),
('23201', 'C', 'ARSITEKTUR', 'B'),
('23401', 'E', 'ARSITEKTUR', 'B'),
('23601', 'G', 'ARSITEKTUR', 'B'),
('24001', 'A', 'ILMU TEKNIK KIMIA', 'B'),
('24101', 'B', 'TEKNIK KIMIA', 'B'),
('24201', 'C', 'TEKNIK KIMIA', 'B'),
('24301', 'D', 'TEKNOLOGI KIMIA INDUSTRI', 'B'),
('24401', 'E', 'TEKNIK KIMIA', 'B'),
('24402', 'E', 'ANALIS KIMIA', 'B'),
('24403', 'E', 'PETRO DAN OLEO KIMIA', 'B'),
('24404', 'E', 'TEKNIK INDUSTRI TEKSTIL', 'B'),
('24604', 'G', 'TEKNIK TEKSTIL', 'B'),
('25001', 'A', 'ILMU TEKNIK LINGKUNGAN', 'B'),
('25101', 'B', 'TEKNIK LINGKUNGAN', 'B'),
('25102', 'B', 'ILMU LINGKUNGAN', 'B'),
('25103', 'B', 'TEKNIK AIR TANAH', 'B'),
('25201', 'C', 'TEKNIK LINGKUNGAN', 'B'),
('25202', 'C', 'TEKNOLOGI BIOPROSES', 'B'),
('25401', 'E', 'TEKNIK LINGKUNGAN', 'B'),
('26001', 'A', 'TEKNIK INDUSTRI', 'B'),
('26101', 'B', 'TEKNIK INDUSTRI', 'B'),
('26201', 'C', 'TEKNIK INDUSTRI', 'B'),
('26302', 'D', 'TEKNIK MANAJEMEN PABRIK', 'B'),
('26303', 'D', 'TEKNOLOGI MEKANIK INDUSTRI', 'B'),
('26401', 'E', 'TEKNIK INDUSTRI', 'B'),
('26402', 'E', 'MANAJEMEN INDUSTRI', 'B'),
('27101', 'B', 'TEKNIK METALURGI', 'B'),
('27201', 'C', 'TEKNIK METALURGI', 'B'),
('27401', 'E', 'METALURGI', 'B'),
('28001', 'A', 'ILMU TEKNIK MATERIAL', 'B'),
('28101', 'B', 'TEKNIK MATERIAL', 'B'),
('28201', 'C', 'TEKNIK MATERIAL', 'B'),
('28401', 'E', 'MATERIAL', 'B'),
('29001', 'A', 'ILMU TEKNIK GEODESI', 'B'),
('29101', 'B', 'TEKNIK GEODESI', 'B'),
('29201', 'C', 'TEKNIK GEODESI', 'B'),
('29401', 'E', 'TEKNIK GEODESI', 'B'),
('30001', 'A', 'ILMU FISIKA TEKNIK', 'B'),
('30101', 'B', 'FISIKA TEKNIK', 'B'),
('30201', 'C', 'FISIKA TEKNIK', 'B'),
('30401', 'E', 'FISIKA INSTRUMENTASI', 'B'),
('31001', 'A', 'ILMU TEKNIK PERTAMBANGAN', 'B'),
('31101', 'B', 'TEKNIK PERTAMBANGAN', 'B'),
('31201', 'C', 'TEKNIK PERTAMBANGAN', 'B'),
('31401', 'E', 'TEKNIK PERTAMBANGAN', 'B'),
('32001', 'A', 'ILMU TEKNIK PERMINYAKAN', 'B'),
('32101', 'B', 'TEKNIK PERMINYAKAN', 'B'),
('32201', 'C', 'TEKNIK PERMINYAKAN', 'B'),
('32304', 'D', 'TEKNIK KESEHATAN DAN KESELAMATAN KERJA', 'B'),
('32401', 'E', 'EKSPLORASI MINYAK DAN GAS', 'B'),
('32402', 'E', 'PENGOLAHAN MINYAK DAN GAS', 'B'),
('32403', 'E', 'LABORATORIUM MINYAK DAN GAS', 'B'),
('32404', 'E', 'KESELAMATAN KERJA DAN PENCEGAHAN KEBAKARAN', 'B'),
('32405', 'E', 'INSTRMENTASI DAN ELEKTRONIKA MIGAS', 'B'),
('32604', 'G', 'FIRE AND SAFETY', 'B'),
('33001', 'A', 'ILMU GEOFISIKA', 'B'),
('33101', 'B', 'TEKNIK GEOFISIKA', 'B'),
('33201', 'C', 'TEKNIK GEOFISIKA', 'B'),
('33202', 'C', 'METEOROLOGI', 'B'),
('34001', 'A', 'ILMU TEKNIK GEOLOGI', 'B'),
('34002', 'A', 'SAINS KEBUMIAN', 'B'),
('34101', 'B', 'TEKNIK GEOLOGI', 'B'),
('34102', 'B', 'SAINS KEBUMIAN', 'B'),
('34201', 'C', 'TEKNIK GEOLOGI', 'B'),
('34401', 'E', 'GEOLOGI TERAPAN', 'B'),
('35001', 'A', 'ILMU PERENCANAAN WILAYAH DAN KOTA', 'B'),
('35101', 'B', 'PERENCANAAN WILAYAH DAN KOTA', 'B'),
('35102', 'B', 'RANCANG KOTA', 'B'),
('35201', 'C', 'PERENCANAAN WILAYAH DAN KOTA', 'B'),
('35401', 'E', 'SURVAI DAN PEMETAAN', 'B'),
('35601', 'G', 'SURVAI DAN PEMETAAN', 'B'),
('36001', 'A', 'ILMU TEKNIK PERKAPALAN', 'B'),
('36101', 'B', 'TEKNIK PERKAPALAN', 'B'),
('36201', 'C', 'TEKNIK PERKAPALAN', 'B'),
('36202', 'C', 'TEKNIK SISTEM PERKAPALAN', 'B'),
('36401', 'E', 'TEKNIK PERANCANGAN DAN KONSTRUKSI KAPAL', 'B'),
('36402', 'E', 'TEKNIK PERMESINAN KAPAL', 'B'),
('36403', 'E', 'TEKNIK BANGUNAN KAPAL', 'B'),
('36404', 'E', 'TEKNIK KELISTRIKAN KAPAL', 'B'),
('37001', 'A', 'ILMU DAN REKAYASA NUKLIR', 'B'),
('37101', 'B', 'ILMU DAN REKAYASA NUKLIR', 'B'),
('37201', 'C', 'TEKNIK NUKLIR', 'B'),
('38001', 'A', 'ILMU TEKNIK KELAUTAN', 'B'),
('38101', 'B', 'TEKNIK KELAUTAN', 'B'),
('38201', 'C', 'TEKNIK KELAUTAN', 'B'),
('38401', 'E', 'TEKNIK KELAUTAN', 'B'),
('39001', 'A', 'ILMU TRANSPORTASI', 'B'),
('39101', 'B', 'TRANSPORTASI', 'B'),
('39201', 'C', 'TRANSPORTASI', 'B'),
('39301', 'D', 'TRANSPORTASI', 'B'),
('39401', 'E', 'TRANSPORTASI', 'B'),
('40001', 'A', 'ILMU TEKNIK PENERBANGAN', 'B'),
('40101', 'B', 'TEKNIK PENERBANGAN', 'B'),
('40201', 'C', 'TEKNIK PENERBANGAN', 'B'),
('40401', 'E', 'LISTRIK PESAWAT', 'B'),
('40402', 'E', 'AERONAUTIKA', 'B'),
('40403', 'E', 'RANGKA PESAWAT', 'B'),
('40404', 'E', 'MOTOR PESAWAT', 'B'),
('40405', 'E', 'AVIONIKA', 'B'),
('40406', 'E', 'TEKNIK & MANAJEMEN LOGISTIK PENERBANGAN', 'B'),
('41001', 'A', 'ILMU TEKNIK PERTANIAN', 'B'),
('41011', 'A', 'TEKNOLOGI INDUSTRI PERTANIAN', 'B'),
('41021', 'A', 'ILMU DAN TEKNOLOGI PANGAN', 'B'),
('41031', 'A', 'TEKNOLOGI HASIL PERTANIAN', 'B'),
('41101', 'B', 'TEKNIK PERTANIAN', 'B'),
('41111', 'B', 'TEKNOLOGI INDUSTRI PERTANIAN', 'B'),
('41121', 'B', 'ILMU DAN TEKNOLOGI PANGAN', 'B'),
('41131', 'B', 'TEKNOLOGI HASIL PERTANIAN', 'B'),
('41133', 'B', 'TEKNOLOGI HASIL PERKEBUNAN', 'B'),
('41201', 'C', 'TEKNIK PERTANIAN', 'B'),
('41211', 'C', 'TEKNOLOGI INDUSTRI PERTANIAN', 'B'),
('41221', 'C', 'TEKNOLOGI PANGAN', 'B'),
('41231', 'C', 'TEKNOLOGI HASIL PERTANIAN', 'B'),
('41234', 'C', 'TEKNOLOGI PENGOLAHAN HASIL PERIKANAN', 'B'),
('41311', 'D', 'TEKNOLOGI INDUSTRI PERTANIAN', 'B'),
('41331', 'D', 'TEKNOLOGI PRODUKSI PERTANIAN', 'B'),
('41333', 'D', 'TEKNOLOGI PENGOLAHAN HASIL PERKEBUNAN', 'B'),
('41401', 'E', 'MESIN DAN PERALATAN PERTANIAN', 'B'),
('41402', 'E', 'TATA AIR PERTANIAN', 'B'),
('41411', 'E', 'TEKNOLOGI INDUSTRI PERTANIAN', 'B'),
('41421', 'E', 'TEKNOLOGI PANGAN', 'B'),
('41431', 'E', 'TEKNOLOGI PRODUKSI PERTANIAN', 'B'),
('41432', 'E', 'TEKNOLOGI PRODUKSI HORTIKULTURA', 'B'),
('41433', 'E', 'TEKNOLOGI PRODUKSI PERKEBUNAN', 'B'),
('41434', 'E', 'TEKNOLOGI PRODUKSI PERIKANAN', 'B'),
('44001', 'A', 'ILMU MATEMATIKA DAN ILMU PENGETAHUAN ALAM', 'C'),
('44002', 'A', 'ILMU MATEMATIKA', 'C'),
('44101', 'B', 'MATEMATIKA', 'C'),
('44201', 'C', 'MATEMATIKA', 'C'),
('44401', 'E', 'MATEMATIKA', 'C'),
('44601', 'G', 'MATEMATIKA', 'C'),
('45001', 'A', 'ILMU FISIKA', 'C'),
('45101', 'B', 'FISIKA', 'C'),
('45201', 'C', 'FISIKA', 'C'),
('45401', 'E', 'FISIKA', 'C'),
('46001', 'A', 'ILMU BIOLOGI', 'C'),
('46101', 'B', 'BIOLOGI', 'C'),
('46201', 'C', 'BIOLOGI', 'C'),
('46202', 'C', 'MIKROBIOLOGI', 'C'),
('46401', 'E', 'BIOLOGI', 'C'),
('46601', 'G', 'LINGKUNGAN', 'C'),
('47001', 'A', 'ILMU KIMIA', 'C'),
('47101', 'B', 'KIMIA', 'C'),
('47102', 'B', 'BIOKIMIA', 'C'),
('47201', 'C', 'KIMIA', 'C'),
('47202', 'C', 'BIOKIMIA', 'C'),
('47401', 'E', 'KIMIA', 'C'),
('48001', 'A', 'ILMU FARMASI', 'C'),
('48101', 'B', 'FARMASI', 'C'),
('48201', 'C', 'FARMASI', 'C'),
('48401', 'E', 'FARMASI', 'C'),
('48402', 'E', 'ANALIS FARMASI DAN MAKANAN', 'C'),
('48701', 'H', 'FARMASI', 'C'),
('48901', 'J', 'PROFESI APOTEKER', 'C'),
('49001', 'A', 'ILMU STATISTIK', 'C'),
('49101', 'B', 'STATISTIKA', 'C'),
('49201', 'C', 'STATISTIKA', 'C'),
('49401', 'E', 'STATISTIKA', 'C'),
('50001', 'A', 'ILMU ASTRONOMI', 'C'),
('50101', 'B', 'ASTRONOMI', 'C'),
('50201', 'C', 'ASTRONOMI', 'C'),
('51001', 'A', 'ILMU GEOGRAFI', 'C'),
('51101', 'B', 'GEOGRAFI', 'C'),
('51111', 'B', 'PENGINDERAAN JAUH', 'C'),
('51201', 'C', 'GEOGRAFI', 'C'),
('51211', 'C', 'KARTOGRAFI DAN PENGINDERAAN JAUH', 'C'),
('51401', 'E', 'GEOGRAFI', 'C'),
('51411', 'E', 'PENGINDERAAN JAUH DAN SIG', 'C'),
('54001', 'A', 'ILMU PERTANIAN', 'D'),
('54002', 'A', 'ILMU EKONOMI PERTANIAN', 'D'),
('54003', 'A', 'PENYULUHAN DAN KOMUNIKASI PEMBANGUNAN PERTANIAN', 'D'),
('54004', 'A', 'AGRONOMI', 'D'),
('54005', 'A', 'ILMU TANAH', 'D'),
('54010', 'A', 'AGROKLIMATOLOGI', 'D'),
('54031', 'A', 'ILMU TERNAK', 'D'),
('54032', 'A', 'BIOLOGI REPRODUKSI', 'D'),
('54041', 'A', 'ILMU KELAUTAN', 'D'),
('54042', 'A', 'MANAJEMEN SUMBER DAYA PERAIRAN', 'D'),
('54043', 'A', 'ILMU PERAIRAN', 'D'),
('54051', 'A', 'ILMU KEHUTANAN', 'D'),
('54062', 'A', 'KESEHATAN MASYARAKAT VETERINER', 'D'),
('54063', 'A', 'SAINS VETERINER', 'D'),
('54064', 'A', 'FITOPATOLOGI', 'D'),
('54065', 'A', 'ENTOMOLOGI', 'D'),
('54067', 'A', 'PRIMATOLOGI', 'D'),
('54101', 'B', 'AGRIBISNIS', 'D'),
('54102', 'B', 'EKONOMI PERTANIAN', 'D'),
('54103', 'B', 'PENYULUHAN DAN KOMUNIKASI PEMBANGUNAN PERTANIAN', 'D'),
('54104', 'B', 'AGRONOMI', 'D'),
('54105', 'B', 'ILMU TANAH', 'D'),
('54106', 'B', 'ILMU HAMA DAN PENYAKIT TUMBUHAN', 'D'),
('54107', 'B', 'PEMULIAAN TANAMAN DAN BIOTEKNOLOGI', 'D'),
('54108', 'B', 'ILMU PERTANIAN', 'D'),
('54110', 'B', 'AGROKLIMATOLOGI', 'D'),
('54131', 'B', 'PETERNAKAN', 'D'),
('54132', 'B', 'BIOLOGI REPRODUKSI', 'D'),
('54141', 'B', 'ILMU KELAUTAN', 'D'),
('54142', 'B', 'SUMBER DAYA PERAIRAN PESISIR DAN KELAUTAN', 'D'),
('54143', 'B', 'BUDIDAYA PERAIRAN', 'D'),
('54145', 'B', 'AGRIBISNIS PERIKANAN', 'D'),
('54146', 'B', 'MANAJEMEN SUMBER DAYA PERAIRAN', 'D'),
('54147', 'B', 'ILMU PERAIRAN', 'D'),
('54151', 'B', 'ILMU KEHUTANAN', 'D'),
('54153', 'B', 'KONSERVASI SUMBER DAYA LAHAN', 'D'),
('54157', 'B', 'MANAJEMEN PERKEBUNAN', 'D'),
('54162', 'B', 'KESEHATAN MASYARAKAT VETERINER', 'D'),
('54163', 'B', 'SAINS VETERINER', 'D'),
('54164', 'B', 'FITOPATOLOGI', 'D'),
('54165', 'B', 'ENTOMOLOGI', 'D'),
('54166', 'B', 'ENTOMOLOGI KESEHATAN', 'D'),
('54201', 'C', 'AGRIBISNIS', 'D'),
('54211', 'C', 'AGROTEKNOLOGI/AGROEKOTEKNOLOGI', 'D'),
('54231', 'C', 'PETERNAKAN', 'D'),
('54241', 'C', 'ILMU KELAUTAN', 'D'),
('54242', 'C', 'MANAJEMEN SUMBER DAYA PERAIRAN', 'D'),
('54243', 'C', 'BUDIDAYA PERAIRAN', 'D'),
('54244', 'C', 'TEKNOLOGI HASIL PERIKANAN', 'D'),
('54245', 'C', 'AGROBISNIS PERIKANAN', 'D'),
('54246', 'C', 'PEMANFAATAN SUMBER DAYA PERIKANAN', 'D'),
('54251', 'C', 'KEHUTANAN', 'D'),
('54261', 'C', 'PENDIDIKAN DOKTER HEWAN', 'D'),
('54271', 'C', 'BUDIDAYA PERKEBUNAN', 'D'),
('54371', 'D', 'BUDIDAYA PERKEBUNAN', 'D'),
('54401', 'E', 'SOSIAL EKONOMI PERTANIAN (AGROBISNIS)', 'D'),
('54403', 'E', 'PENYULUHAN DAN KOMUNIKASI PERTANIAN', 'D'),
('54411', 'E', 'AGRONOMI', 'D'),
('54412', 'E', 'HORTIKULTURA', 'D'),
('54413', 'E', 'PEMULIAAN TANAMAN', 'D'),
('54414', 'E', 'ARSITEKTUR LANSEKAP', 'D'),
('54415', 'E', 'ILMU TANAH', 'D'),
('54416', 'E', 'BUDIDAYA PERTANIAN', 'D'),
('54417', 'E', 'HAMA DAN PENYAKIT TUMBUHAN', 'D'),
('54431', 'E', 'NUTRISI DAN MAKANAN TERNAK', 'D'),
('54432', 'E', 'PRODUKSI TERNAK', 'D'),
('54433', 'E', 'BUDIDAYA TERNAK', 'D'),
('54434', 'E', 'TEKNOLOGI HASIL TERNAK', 'D'),
('54435', 'E', 'SOSIAL EKONOMI PETERNAKAN', 'D'),
('54442', 'E', 'SUMBER DAYA PERAIRAN', 'D'),
('54443', 'E', 'BUDIDAYA PERAIRAN', 'D'),
('54444', 'E', 'TEKNOLOGI HASIL PERIKANAN', 'D'),
('54445', 'E', 'AGRIBISNIS PERIKANAN', 'D'),
('54446', 'E', 'PEMANFAATAN SUMBER DAYA PERIKANAN', 'D'),
('54451', 'E', 'TEKNOLOGI HASIL HUTAN', 'D'),
('54452', 'E', 'BUDIDAYA HUTAN', 'D'),
('54453', 'E', 'KONSERVASI SUMBER DAYA HUTAN', 'D'),
('54454', 'E', 'MANAJEMEN HUTAN', 'D'),
('54457', 'E', 'MANAJEMEN PERKEBUNAN', 'D'),
('54461', 'E', 'KESEHATAN HEWAN', 'D'),
('54471', 'E', 'BUDIDAYA TANAMAN PERKEBUNAN', 'D'),
('54533', 'F', 'AGRIBISNIS PETERNAKAN', 'D'),
('54534', 'F', 'TEKNOLOGI HASIL TERNAK', 'D'),
('54555', 'F', 'PENYULUHAN KEHUTANAN', 'D'),
('54961', 'J', 'PROFESI DOKTER HEWAN', 'D'),
('55001', 'A', 'ILMU KOMPUTER', 'E'),
('55101', 'B', 'TEKNIK INFORMATIKA', 'E'),
('55201', 'C', 'TEKNIK INFORMATIKA', 'E'),
('55301', 'D', 'TEKNIK INFORMATIKA', 'E'),
('55401', 'E', 'TEKNIK INFORMATIKA', 'E'),
('55601', 'G', 'TEKNIK INFORMATIKA', 'E'),
('56101', 'B', 'SISTEM KOMPUTER', 'E'),
('56201', 'C', 'SISTEM KOMPUTER', 'E'),
('56401', 'E', 'TEKNIK KOMPUTER', 'E'),
('56501', 'F', 'TEKNIK KOMPUTER', 'E'),
('56601', 'G', 'TEKNIK KOMPUTER', 'E'),
('57101', 'B', 'SISTEM INFORMASI', 'E'),
('57201', 'C', 'SISTEM INFORMASI', 'E'),
('57301', 'D', 'MANAJEMEN INFORMATIKA', 'E'),
('57302', 'D', 'KOMPUTERISASI AKUNTANSI', 'E'),
('57401', 'E', 'MANAJEMEN INFORMATIKA', 'E'),
('57402', 'E', 'KOMPUTERISASI AKUNTANSI', 'E'),
('57501', 'F', 'MANAJEMEN INFORMATIKA', 'E'),
('57502', 'F', 'KOMPUTERISASI AKUNTANSI', 'E'),
('57601', 'G', 'MANAJEMEN INFORMATIKA', 'E'),
('57602', 'G', 'KOMPUTERISASI AKUNTANSI', 'E'),
('60001', 'A', 'ILMU EKONOMI', 'F'),
('60101', 'B', 'ILMU EKONOMI', 'F'),
('60201', 'C', 'EKONOMI PEMBANGUNAN', 'F'),
('61001', 'A', 'ILMU MANAJEMEN', 'F'),
('61101', 'B', 'MANAJEMEN', 'F'),
('61201', 'C', 'MANAJEMEN', 'F'),
('61304', 'D', 'MANAJEMEN PEMASARAN', 'F'),
('61306', 'D', 'KEUANGAN DAN PERBANKAN', 'F'),
('61307', 'D', 'MANAJEMEN ASET', 'F'),
('61401', 'E', 'MANAJEMEN ADMINISTRASI', 'F'),
('61402', 'E', 'MANAJEMEN PERDAGANGAN', 'F'),
('61403', 'E', 'MANAJEMEN PERPAJAKAN', 'F'),
('61404', 'E', 'MANAJEMEN PEMASARAN', 'F'),
('61405', 'E', 'MANAJEMEN PERUSAHAAN', 'F'),
('61406', 'E', 'KEUANGAN DAN PERBANKAN', 'F'),
('61407', 'E', 'MANAJEMEN TRANSPORTASI LAUT', 'F'),
('61408', 'E', 'MANAJEMEN TRANSPORTASI UDARA', 'F'),
('61501', 'F', 'MANAJEMEN ADMINISTRASI', 'F'),
('61504', 'F', 'MANAJEMEN PEMASARAN', 'F'),
('61505', 'F', 'MANAJEMEN PERUSAHAAN', 'F'),
('61506', 'F', 'KEUANGAN DAN PERBANKAN', 'F'),
('61601', 'G', 'MANAJEMEN ADMINISTRASI', 'F'),
('61602', 'G', 'MANAJEMEN PERDAGANGAN', 'F'),
('61603', 'G', 'MANAJEMEN PERPAJAKAN', 'F'),
('61604', 'G', 'MANAJEMEN PEMASARAN', 'F'),
('61605', 'G', 'MANAJEMEN PERUSAHAAN', 'F'),
('61606', 'G', 'KEUANGAN DAN PERBANKAN', 'F'),
('62001', 'A', 'ILMU AKUNTANSI', 'F'),
('62101', 'B', 'AKUNTANSI', 'F'),
('62201', 'C', 'AKUNTANSI', 'F'),
('62301', 'D', 'AKUNTANSI', 'F'),
('62401', 'E', 'AKUNTANSI', 'F'),
('62501', 'F', 'AKUNTANSI', 'F'),
('62601', 'G', 'AKUNTANSI', 'F'),
('62901', 'J', 'PROFESI AKUNTAN', 'F'),
('63001', 'A', 'ILMU ADMINISTRASI', 'G'),
('63101', 'B', 'ILMU ADMINISTRASI NEGARA', 'G'),
('63111', 'B', 'ILMU ADMINISTRASI NIAGA', 'G'),
('63201', 'C', 'ILMU ADMINISTRASI NEGARA', 'G'),
('63211', 'C', 'ILMU ADMINISTRASI NIAGA', 'G'),
('63221', 'C', 'ILMU ADMINISTRASI PERPAJAKAN', 'G'),
('63311', 'D', 'ADMINISTRASI BISNIS', 'G'),
('63312', 'D', 'KESEKRETARIATAN', 'G'),
('63401', 'E', 'ADMINISTRASI NEGARA', 'G'),
('63411', 'E', 'ADMINISTRASI BISNIS', 'G'),
('63412', 'E', 'SEKRETARI', 'G'),
('63413', 'E', 'ADMINISTRASI KEUANGAN', 'G'),
('63414', 'E', 'ADMINISTRASI LOGISTIK', 'G'),
('63421', 'E', 'ADMINISTRASI PERPAJAKAN', 'G'),
('63501', 'F', 'ADMINISTRASI NEGARA', 'G'),
('63511', 'F', 'ADMINISTRASI NIAGA', 'G'),
('63512', 'F', 'KESEKRETARIATAN', 'G'),
('63521', 'F', 'PERPAJAKAN', 'G'),
('63611', 'G', 'ADMINISTRASI BISNIS', 'G'),
('63612', 'G', 'SEKRETARI', 'G'),
('63621', 'G', 'PERPAJAKAN', 'G'),
('64101', 'B', 'ILMU HUBUNGAN INTERNASIONAL', 'G'),
('64201', 'C', 'ILMU HUBUNGAN INTERNASIONAL', 'G'),
('64401', 'E', 'HUBUNGAN INTERNASIONAL', 'G'),
('65001', 'A', 'ILMU PEMERINTAHAN', 'G'),
('65101', 'B', 'ILMU PEMERINTAHAN', 'G'),
('65201', 'C', 'ILMU PEMERINTAHAN', 'G'),
('65401', 'E', 'ADMINISTRASI PEMERINTAHAN', 'G'),
('66101', 'B', 'KRIMINOLOGI', 'G'),
('66201', 'C', 'KRIMINOLOGI', 'G'),
('67001', 'A', 'ILMU POLITIK', 'G'),
('67101', 'B', 'ILMU POLITIK', 'G'),
('67201', 'C', 'ILMU POLITIK', 'G'),
('68001', 'A', 'ILMU SOSIAL', 'G'),
('68101', 'B', 'ILMU SOSIAL', 'G'),
('68201', 'C', 'ILMU SOSIATRI', 'G'),
('68401', 'E', 'PEMBANGUNAN MASYARAKAT DESA', 'G'),
('69001', 'A', 'ILMU SOSIOLOGI', 'G'),
('69101', 'B', 'SOSIOLOGI', 'G'),
('69201', 'C', 'SOSIOLOGI', 'G'),
('70001', 'A', 'ILMU KOMUNIKASI', 'G'),
('70101', 'B', 'ILMU KOMUNIKASI', 'G'),
('70201', 'C', 'ILMU KOMUNIKASI', 'G'),
('70401', 'E', 'HUBUNGAN MASYARAKAT', 'G'),
('70402', 'E', 'JURNALISTIK', 'G'),
('70403', 'E', 'KOMUNIKASI MASSA', 'G'),
('70404', 'E', 'PERIKLANAN', 'G'),
('70405', 'E', 'PENYIARAN', 'G'),
('71101', 'B', 'ILMU PERPUSTAKAAN', 'G'),
('71201', 'C', 'ILMU PERPUSTAKAAN', 'G'),
('71302', 'D', 'KEARSIPAN', 'G'),
('71401', 'E', 'PERPUSTAKAAN', 'G'),
('71402', 'E', 'KEARSIPAN', 'G'),
('71501', 'F', 'PERPUSTAKAAN', 'G'),
('72101', 'B', 'ILMU KESEJAHTERAAN SOSIAL', 'G'),
('72201', 'C', 'ILMU KESEJAHTERAAN SOSIAL', 'G'),
('72401', 'E', 'PEKERJA SOSIAL', 'G'),
('73001', 'A', 'ILMU PSIKOLOGI', 'H'),
('73101', 'B', 'PSIKOLOGI', 'H'),
('73201', 'C', 'PSIKOLOGI', 'H'),
('74001', 'A', 'ILMU HUKUM', 'I'),
('74101', 'B', 'ILMU HUKUM', 'I'),
('74102', 'B', 'KENOTARIATAN', 'I'),
('74201', 'C', 'ILMU HUKUM', 'I'),
('74401', 'E', 'ADMINISTRASI PERADILAN', 'I'),
('75001', 'A', 'ILMU FILSAFAT', 'J'),
('75101', 'B', 'ILMU FILSAFAT', 'J'),
('75201', 'C', 'ILMU FILSAFAT', 'J'),
('75401', 'E', 'FILSAFAT TEOLOGI', 'J'),
('76001', 'A', 'ILMU RELIGI', 'J'),
('76101', 'B', 'ILMU RELIGI', 'J'),
('76201', 'C', 'ILMU RELIGI', 'J'),
('77001', 'A', 'ILMU TEOLOGI', 'J'),
('77101', 'B', 'ILMU TEOLOGI', 'J'),
('77201', 'C', 'ILMU TEOLOGI', 'J'),
('79001', 'A', 'ILMU SUSASTRA', 'K'),
('79002', 'A', 'ILMU LINGUISTIK', 'K'),
('79101', 'B', 'ILMU SUSASTRA', 'K'),
('79102', 'B', 'ILMU LINGUISTIK', 'K'),
('79201', 'C', 'SASTRA INDONESIA', 'K'),
('79202', 'C', 'SASTRA INGGRIS', 'K'),
('79203', 'C', 'SASTRA ARAB', 'K'),
('79204', 'C', 'SASTRA JEPANG', 'K'),
('79205', 'C', 'SASTRA PERANCIS', 'K'),
('79206', 'C', 'SASTRA JERMAN', 'K'),
('79207', 'C', 'SASTRA RUSIA', 'K'),
('79208', 'C', 'SASTRA BELANDA', 'K'),
('79209', 'C', 'SASTRA CINA', 'K'),
('79210', 'C', 'SASTRA KOREA', 'K'),
('79211', 'C', 'SASTRA DAERAH', 'K'),
('79401', 'E', 'BAHASA INDONESIA', 'K'),
('79402', 'E', 'BAHASA INGGRIS', 'K'),
('79403', 'E', 'BAHASA ARAB', 'K'),
('79404', 'E', 'BAHASA JEPANG', 'K'),
('79405', 'E', 'BAHASA PERANCIS', 'K'),
('79406', 'E', 'BAHASA JERMAN', 'K'),
('79407', 'E', 'BAHASA RUSIA', 'K'),
('79408', 'E', 'BAHASA BELANDA', 'K'),
('79409', 'E', 'BAHASA MANDARIN', 'K'),
('79410', 'E', 'BAHASA KOREA', 'K'),
('79502', 'F', 'BAHASA INGGRIS', 'K'),
('79602', 'G', 'BAHASA INGGRIS', 'K'),
('79604', 'G', 'BAHASA JEPANG', 'K'),
('79608', 'G', 'BAHASA BELANDA', 'K'),
('80001', 'A', 'ILMU SEJARAH', 'K'),
('80101', 'B', 'ILMU SEJARAH', 'K'),
('80201', 'C', 'ILMU SEJARAH', 'K'),
('81001', 'A', 'ILMU ARKEOLOGI', 'K'),
('81101', 'B', 'ILMU ARKEOLOGI', 'K'),
('81201', 'C', 'ILMU ARKEOLOGI', 'K'),
('82001', 'A', 'ILMU ANTROPOLOGI', 'K'),
('82101', 'B', 'ANTROPOLOGI', 'K'),
('82201', 'C', 'ANTROPOLOGI SOSIAL', 'K'),
('83001', 'A', 'PENDIDIKAN TEKNOLOGI DAN KEJURUAN', 'L'),
('83101', 'B', 'PENDIDIKAN TEKNOLOGI DAN KEJURUAN', 'L'),
('83201', 'C', 'PENDIDIKAN TEKNIK ELEKTRO', 'L'),
('83202', 'C', 'PENDIDIKAN TEKNIK ELEKTRONIKA', 'L'),
('83203', 'C', 'PENDIDIKAN TEKNIK MESIN', 'L'),
('83204', 'C', 'PENDIDIKAN TEKNIK OTOMOTIF', 'L'),
('83205', 'C', 'PENDIDIKAN TEKNIK BANGUNAN', 'L'),
('83206', 'C', 'PENDIDIKAN KESEJAHTERAAN KELUARGA', 'L'),
('83207', 'C', 'PENDIDIKAN TEKNIK INFORMATIKA', 'L'),
('83211', 'C', 'PENDIDIKAN TATA BOGA', 'L'),
('83212', 'C', 'PENDIDIKAN TATA BUSANA', 'L'),
('83213', 'C', 'PENDIDIKAN TATA RIAS', 'L'),
('83313', 'D', 'PENDIDIKAN TATA RIAS', 'L'),
('84001', 'A', 'PENDIDIKAN MIPA', 'L'),
('84002', 'A', 'PENDIDIKAN MATEMATIKA', 'L'),
('84005', 'A', 'PENDIDIKAN BIOLOGI', 'L'),
('84101', 'B', 'PENDIDIKAN IPA', 'L'),
('84102', 'B', 'PENDIDIKAN MATEMATIKA', 'L'),
('84103', 'B', 'PENDIDIKAN FISIKA', 'L'),
('84104', 'B', 'PENDIDIKAN KIMIA', 'L'),
('84105', 'B', 'PENDIDIKAN BIOLOGI', 'L'),
('84201', 'C', 'PENDIDIKAN IPA', 'L'),
('84202', 'C', 'PENDIDIKAN MATEMATIKA', 'L'),
('84203', 'C', 'PENDIDIKAN FISIKA', 'L'),
('84204', 'C', 'PENDIDIKAN KIMIA', 'L'),
('84205', 'C', 'PENDIDIKAN BIOLOGI', 'L'),
('84402', 'E', 'PENDIDIKAN MATEMATIKA', 'L'),
('84403', 'E', 'PENDIDIKAN FISIKA', 'L'),
('84405', 'E', 'PENDIDIKAN BIOLOGI', 'L'),
('85001', 'A', 'PENDIDIKAN OLAHRAGA', 'L'),
('85101', 'B', 'PENDIDIKAN OLAHRAGA', 'L'),
('85201', 'C', 'PENDIDIKAN JASMANI, KESEHATAN DAN REKREASI', 'L'),
('85202', 'C', 'PENDIDIKAN KEPELATIHAN OLAHRAGA', 'L'),
('85401', 'E', 'PENDIDIKAN JASMANI, KESEHATAN DAN REKREASI', 'L'),
('85501', 'F', 'PENDIDIKAN GURU PENJASKESREK', 'L'),
('86001', 'A', 'ILMU PENDIDIKAN', 'L'),
('86003', 'A', 'TEKNOLOGI PENDIDIKAN', 'L'),
('86004', 'A', 'ADMINISTRASI PENDIDIKAN', 'L'),
('86005', 'A', 'PENDIDIKAN LUAR SEKOLAH', 'L'),
('86011', 'A', 'PSIKOLOGI PENDIDIKAN', 'L'),
('86020', 'A', 'PENELITAN DAN EVALUASI PENDIDIKAN', 'L'),
('86021', 'A', 'PENGEMBANGAN KURIKULUM', 'L'),
('86101', 'B', 'BIMBINGAN KONSELING', 'L'),
('86102', 'B', 'PENDIDIKAN LUAR BIASA', 'L'),
('86103', 'B', 'TEKNOLOGI PENDIDIKAN', 'L'),
('86104', 'B', 'ADMINISTRASI PENDIDIKAN', 'L'),
('86105', 'B', 'PENDIDIKAN LUAR SEKOLAH', 'L'),
('86106', 'B', 'PENDIDIKAN GURU SEKOLAH DASAR', 'L'),
('86107', 'B', 'PENDIDIKAN GURU PENDIDIKAN ANAK USIA DINI', 'L'),
('86108', 'B', 'PENDIDIKAN GURU AGAMA', 'L'),
('86120', 'B', 'PENELITIAN DAN EVALUASI PENDIDIKAN', 'L'),
('86121', 'B', 'PENGEMBANGAN KURIKULUM', 'L'),
('86122', 'B', 'PENDIDIKAN DASAR', 'L'),
('86201', 'C', 'BIMBINGAN KONSELING', 'L'),
('86202', 'C', 'PENDIDIKAN LUAR BIASA', 'L'),
('86203', 'C', 'TEKNOLOGI PENDIDIKAN', 'L'),
('86204', 'C', 'ADMINISTRASI PENDIDIKAN', 'L'),
('86205', 'C', 'PENDIDIKAN LUAR SEKOLAH', 'L'),
('86206', 'C', 'PENDIDIKAN GURU SEKOLAH DASAR', 'L'),
('86207', 'C', 'PENDIDIKAN GURU PENDIDIKAN ANAK USIA DINI', 'L'),
('86208', 'C', 'PENDIDIKAN GURU AGAMA', 'L'),
('86209', 'C', 'PJJ PENDIDIKAN GURU SEKOLAH DASAR', 'L'),
('86408', 'E', 'PENDIDIKAN GURU AGAMA', 'L'),
('86506', 'F', 'PENDIDIKAN GURU SEKOLAH DASAR', 'L'),
('86507', 'F', 'PENDIDIKAN GURU TAMAN KANAK-KANAK', 'L'),
('87001', 'A', 'PENDIDIKAN IPS', 'L'),
('87003', 'A', 'PENDIDIKAN EKONOMI', 'L'),
('87101', 'B', 'PENDIDIKAN SEJARAH', 'L'),
('87102', 'B', 'PENDIDIKAN GEOGRAFI', 'L'),
('87103', 'B', 'PENDIDIKAN EKONOMI', 'L'),
('87104', 'B', 'PENDIDIKAN SOSIOLOGI', 'L'),
('87120', 'B', 'PENDIDIKAN IPS', 'L'),
('87201', 'C', 'PENDIDIKAN SEJARAH', 'L'),
('87202', 'C', 'PENDIDIKAN GEOGRAFI', 'L'),
('87203', 'C', 'PENDIDIKAN EKONOMI', 'L'),
('87204', 'C', 'PENDIDIKAN SOSIOLOGI', 'L'),
('87205', 'C', 'PENDIDIKAN PANCASILA DAN KEWARGANEGARAAN', 'L'),
('87220', 'C', 'PENDIDIKAN IPS', 'L'),
('87402', 'E', 'PENDIDIKAN GEOGRAFI', 'L'),
('87403', 'E', 'PENDIDIKAN EKONOMI', 'L'),
('88001', 'A', 'ILMU PENDIDIKAN BAHASA', 'L'),
('88003', 'A', 'PENDIDIKAN BAHASA INGGRIS', 'L'),
('88101', 'B', 'PENDIDIKAN BAHASA DAN SASTRA INDONESIA', 'L'),
('88102', 'B', 'PENDIDIKAN BAHASA DAN SASTRA DAERAH', 'L'),
('88103', 'B', 'PENDIDIKAN BAHASA INGGRIS', 'L'),
('88104', 'B', 'PENDIDIKAN BAHASA ARAB', 'L'),
('88105', 'B', 'PENDIDIKAN BAHASA JEPANG', 'L'),
('88106', 'B', 'PENDIDIKAN BAHASA PERANCIS', 'L'),
('88107', 'B', 'PENDIDIKAN BAHASA JERMAN', 'L'),
('88108', 'B', 'PENDIDIKAN BAHASA MANDARIN', 'L'),
('88109', 'B', 'PENDIDIKAN SENI DRAMA, TARI DAN MUSIK', 'L'),
('88110', 'B', 'PENDIDIKAN SENI RUPA', 'L'),
('88111', 'B', 'PENDIDIKAN BAHASA', 'L'),
('88201', 'C', 'PENDIDIKAN BAHASA DAN SASTRA INDONESIA', 'L'),
('88202', 'C', 'PENDIDIKAN BAHASA DAN SASTRA DAERAH', 'L'),
('88203', 'C', 'PENDIDIKAN BAHASA INGGRIS', 'L'),
('88204', 'C', 'PENDIDIKAN BAHASA ARAB', 'L'),
('88205', 'C', 'PENDIDIKAN BAHASA JEPANG', 'L'),
('88206', 'C', 'PENDIDIKAN BAHASA PERANCIS', 'L'),
('88207', 'C', 'PENDIDIKAN BAHASA JERMAN', 'L'),
('88208', 'C', 'PENDIDIKAN BAHASA MANDARIN', 'L'),
('88209', 'C', 'PENDIDIKAN SENI DRAMA, TARI DAN MUSIK', 'L'),
('88210', 'C', 'PENDIDIKAN SENI RUPA', 'L'),
('88401', 'E', 'PENDIDIKAN BAHASA DAN SASTRA INDONESIA', 'L'),
('88403', 'E', 'PENDIDIKAN BAHASA INGGRIS', 'L'),
('88405', 'E', 'PENDIDIKAN BAHASA JEPANG', 'L'),
('88501', 'F', 'PENDIDIKAN BAHASA DAN SASTRA INDONESIA', 'L'),
('89001', 'A', 'ILMU KEOLAHRAGAAN', 'L'),
('89101', 'B', 'ILMU KEOLAHRAGAAN', 'L'),
('89201', 'C', 'ILMU KEOLAHRAGAAN', 'L'),
('90001', 'A', 'SENI RUPA', 'M'),
('90101', 'B', 'SENI RUPA', 'M'),
('90102', 'B', 'DESAIN', 'M'),
('90131', 'B', 'DESAIN PRODUK', 'M'),
('90201', 'C', 'SENI RUPA MURNI', 'M'),
('90211', 'C', 'KRIYA SENI', 'M'),
('90221', 'C', 'DESAIN INTERIOR', 'M'),
('90231', 'C', 'DESAIN PRODUK', 'M'),
('90241', 'C', 'DESAIN KOMUNIKASI VISUAL', 'M'),
('90242', 'C', 'DESAIN GRAFIS', 'M'),
('90342', 'D', 'DESAIN GRAFIS', 'M'),
('90343', 'D', 'KOMPUTER MULTIMEDIA', 'M'),
('90401', 'E', 'SENI RUPA', 'M'),
('90411', 'E', 'KRIYA KAIN', 'M'),
('90412', 'E', 'KRIYA KAYU', 'M'),
('90413', 'E', 'KRIYA KERAMIK', 'M'),
('90414', 'E', 'KRIYA LOGAM', 'M'),
('90415', 'E', 'KRIYA KULIT', 'M'),
('90416', 'E', 'KRIYA PERHIASAN', 'M'),
('90417', 'E', 'KRIYA SENI', 'M'),
('90421', 'E', 'DESAIN INTERIOR', 'M'),
('90431', 'E', 'DESAIN PRODUK', 'M'),
('90441', 'E', 'DESAIN KOMUNIKASI VISUAL', 'M'),
('90442', 'E', 'DESAIN GRAFIS', 'M'),
('90443', 'E', 'KOMPUTER MULTIMEDIA', 'M'),
('90444', 'E', 'TEKNIK GRAFIKA', 'M'),
('90501', 'F', 'SENI RUPA', 'M'),
('90541', 'F', 'DESAIN KOMUNIKASI VISUAL', 'M'),
('90621', 'G', 'DESAIN INTERIOR', 'M'),
('90641', 'G', 'DESAIN KOMUNIKASI VISUAL', 'M'),
('91101', 'B', 'PENCIPTAAN DAN PENGKAJIAN SENI', 'M'),
('91201', 'C', 'ETNOMUSIKOLOGI', 'M'),
('91202', 'C', 'ANTROPOLOGI TARI', 'M'),
('91211', 'C', 'SENI KARAWITAN', 'M'),
('91221', 'C', 'SENI MUSIK', 'M'),
('91231', 'C', 'SENI TARI', 'M'),
('91241', 'C', 'SENI PEDALANGAN', 'M'),
('91251', 'C', 'SENI TEATER', 'M'),
('91261', 'C', 'TELEVISI DAN FILM', 'M'),
('91271', 'C', 'FOTOGRAFI', 'M'),
('91281', 'C', 'RADIO', 'M'),
('91411', 'E', 'SENI KARAWITAN', 'M'),
('91421', 'E', 'SENI MUSIK', 'M'),
('91431', 'E', 'SENI TARI', 'M'),
('91441', 'E', 'SENI PEDALANGAN', 'M'),
('91451', 'E', 'SENI TEATER', 'M'),
('91461', 'E', 'TELEVISI', 'M'),
('91462', 'E', 'FILM', 'M'),
('91471', 'E', 'FOTOGRAFI', 'M'),
('91481', 'E', 'RADIO', 'M'),
('91511', 'F', 'SENI KARAWITAN', 'M'),
('91531', 'F', 'PENATA TARI', 'M'),
('91661', 'G', 'FILM DAN TELEVISI', 'M'),
('92201', 'C', 'KETATALAKSANAAN PELAYARAN NIAGA DAN KEPELABUHAN', 'N'),
('92301', 'D', 'KETATALAKSANAAN PELAYARAN NIAGA DAN KEPELABUHAN', 'N'),
('92401', 'E', 'KETATALAKSANAAN PELAYARAN NIAGA DAN KEPELABUHAN', 'N'),
('92402', 'E', 'TEKNIKA', 'N'),
('92403', 'E', 'NAUTIKA', 'N'),
('93202', 'C', 'PERHOTELAN DAN PARIWISATA', 'N'),
('93301', 'D', 'USAHA PERJALANAN WISATA', 'N'),
('93302', 'D', 'PERHOTELAN', 'N'),
('93303', 'D', 'PARIWISATA', 'N'),
('93401', 'E', 'USAHA PERJALANAN WISATA', 'N'),
('93402', 'E', 'PERHOTELAN', 'N'),
('93403', 'E', 'PARIWISATA', 'N'),
('93501', 'F', 'PEMANDU WISATA', 'N'),
('93502', 'F', 'PERHOTELAN', 'N'),
('93503', 'F', 'DIVISI KAMAR', 'N'),
('93601', 'G', 'PEMANDU WISATA', 'N'),
('93602', 'G', 'PERHOTELAN', 'N'),
('93603', 'G', 'DIVISI KAMAR', 'N'),
('94101', 'B', 'AKTUARIA', 'N'),
('94401', 'E', 'ASURANSI JIWA', 'N'),
('94402', 'E', 'ASURANSI KESEHATAN', 'N'),
('94403', 'E', 'ASURANSI KERUGIAN', 'N'),
('94404', 'E', 'TERAPI WICARA', 'N'),
('94405', 'E', 'TATA BUSANA', 'N'),
('94406', 'E', 'TATA BOGA', 'N'),
('94407', 'E', 'TATA GRIYA', 'N'),
('94408', 'E', 'TATA RIAS', 'N'),
('94409', 'E', 'ADMINISTRASI ASURANSI DAN AKTUARIA', 'N'),
('94505', 'F', 'TATA BUSANA', 'N'),
('94506', 'F', 'TATA HIDANGAN', 'N'),
('94507', 'F', 'TATA BOGA', 'N'),
('94508', 'F', 'TATA RIAS', 'N'),
('94605', 'G', 'TATA BUSANA', 'N'),
('94606', 'G', 'TATA HIDANGAN', 'N'),
('94607', 'G', 'TATA BOGA', 'N'),
('94608', 'G', 'TATA RIAS', 'N'),
('94609', 'G', 'GROUND HANDLING', 'N'),
('94610', 'G', 'PRAMUGARI-PRAMUGARA', 'N'),
('94611', 'G', 'CARGO UDARA', 'N'),
('95001', 'A', 'ILMU PENGELOLAAN SUMBER DAYA ALAM DAN LINGKUNGA', 'N'),
('95002', 'A', 'KAJIAN KEPENDUDUKAN DAN KETENAGAKERJAAN', 'N'),
('95003', 'A', 'ILMU PERENC PEMBANGUNAN WILAYAH DAN PEDESAAN', 'N'),
('95027', 'A', 'KAJIAN BUDAYA', 'N'),
('95029', 'A', 'KAJIAN ILMU LINGKUNGAN', 'N'),
('95031', 'A', 'ILMU-ILMU HUMANIORA', 'N'),
('95101', 'B', 'ILMU PENGELOLAAN SUMBER DAYA ALAM DAN LINGKUNGA', 'N'),
('95102', 'B', 'KAJIAN KEPENDUDUKAN DAN KETENAGAKERJAAN', 'N'),
('95103', 'B', 'ILMU PERENC PEMBANGUNAN WILAYAH DAN PEDESAAN', 'N'),
('95104', 'B', 'KAJIAN PARIWISATA', 'N'),
('95105', 'B', 'ADMINISTRASI PEMBANGUNAN', 'N'),
('95106', 'B', 'PENGEMBANGAN SUMBER DAYA MANUSIA', 'N'),
('95107', 'B', 'STUDI KEBIJAKAN', 'N'),
('95120', 'B', 'KAJIAN ILMU KEPOLISIAN', 'N'),
('95121', 'B', 'KAJIAN WILAYAH AMERIKA', 'N'),
('95122', 'B', 'KAJIAN WILAYAH JEPANG', 'N'),
('95123', 'B', 'KAJIAN WILAYAH EROPA', 'N'),
('95124', 'B', 'KAJIAN TIMUR TENGAH DAN ISLAM', 'N'),
('95125', 'B', 'KAJIAN PENGEMBANGAN PERKOTAAN', 'N'),
('95126', 'B', 'KAJIAN WANITA', 'N'),
('95127', 'B', 'KAJIAN BUDAYA', 'N'),
('95128', 'B', 'KAJIAN KETAHANAN NASIONAL', 'N'),
('95129', 'B', 'KAJIAN ILMU LINGKUNGAN', 'N'),
('95130', 'B', 'JENDER DAN PEMBANGUNAN', 'N'),
('95203', 'C', 'PEMBANGUNAN WILAYAH', 'N'),
('95403', 'E', 'PERENCANAAN DAN MONITORING PEMBANGUNAN', 'N');

-- --------------------------------------------------------

--
-- Table structure for table `prodi_kampus`
--

CREATE TABLE IF NOT EXISTS `prodi_kampus` (
  `kode_pt` text NOT NULL,
  `kode_prodi` text NOT NULL,
  `nomor_sk` text NOT NULL,
  `tahun_sk` text NOT NULL,
  `email` text NOT NULL,
  `grade` text NOT NULL,
  `akhir_grade` text NOT NULL,
  `keterangan` text NOT NULL
) ENGINE=InnoDB DEFAULT CHARSET=latin1;

--
-- Dumping data for table `prodi_kampus`
--

INSERT INTO `prodi_kampus` (`kode_pt`, `kode_prodi`, `nomor_sk`, `tahun_sk`, `email`, `grade`, `akhir_grade`, `keterangan`) VALUES
('kode_pt', 'kode_prodi', 'nomor_sk', 'tahun_sk', 'email', 'grade', 'akhir_grade', 'keterangan'),
('041002', '62901', '', '', '', '', '', ''),
('041002', '11201', '', '', '', 'C', '8/29/2013', 'Terakreditasi'),
('041002', '26201', '', '', '', 'B', '4/17/2014', 'Terakreditasi'),
('041002', '31201', '', '', '', 'B', '12/29/2012', 'Reakreditasi'),
('041002', '35201', '', '', '', 'B', '6/5/2014', 'Terakreditasi'),
('041002', '44201', '', '', '', 'B', '12/3/2015', 'Terakreditasi'),
('041002', '48201', '', '', '', 'C', '12/3/2015', 'Terakreditasi'),
('041002', '49201', '', '', '', 'B', '4/11/2014', 'Terakreditasi'),
('041002', '60201', '', '', '', 'B', '6/5/2014', 'Terakreditasi'),
('041002', '61201', '', '', '', 'B', '5/15/2014', 'Terakreditasi'),
('041002', '62201', '', '', '', 'B', '6/19/2014', 'Terakreditasi'),
('041002', '70201', '', '', '', 'A', '7/31/2014', 'Terakreditasi'),
('041002', '73201', '', '', '', 'B', '10/8/2015', 'Terakreditasi'),
('041002', '74201', '', '', '', 'A', '12/3/2015', 'Terakreditasi'),
('041002', '61101', '193/SK/BAN-PT/Ak-XI/M/IX/2013 ', '2013', '', 'C ', '9/21/2018', 'Terakreditasi'),
('041002', '70101', '', '', '', 'C', '9/5/2014', 'Terakreditasi'),
('041002', '73101', '', '', '', '', '', ' '),
('041002', '74101', '', '', '', 'C', '7/16/2015', 'Terakreditasi'),
('041002', '74001', '', '', '', 'B', '1/27/2017', 'Terakreditasi'),
('041003', '20201', '051/SK/BAN-PT/Ak-XV/S/II/2013 ', '2013', '', 'C ', '2/14/2018', 'Terakreditasi'),
('041003', '26201', '030/SK/BAN-PT/Ak-XV/S/I/2013 ', '2013', '', 'C ', '1/31/2018', 'Terakreditasi'),
('041003', '54211', '042', '2012', '', 'C', '23/11/2017', 'Terakreditasi'),
('041003', '55201', '030/SK/BAN-PT/Ak-XV/S/I/2013 ', '2013', '', 'C ', '1/31/2018', 'Terakreditasi'),
('041003', '61201', '157/SK/BAN-PT/Ak-XVI/S/VII/2013 ', '2013', '', 'C ', '7/20/2018', 'Terakreditasi'),
('041003', '62201', '157/SK/BAN-PT/Ak-XVI/S/VII/2013 ', '2013', '', 'C ', '7/20/2018', 'Terakreditasi'),
('041003', '70201', '025', '2012', '', 'C', '8/15/2017', 'Terakreditasi'),
('041003', '71201', '', '', '', 'C', '12/30/2015', 'Terakreditasi'),
('041003', '74201', '', '', '', 'B', '6/3/2016', 'Terakreditasi'),
('041003', '84202', '', '', '', 'B', '10/15/2015', 'Terakreditasi'),
('041003', '86202', '', '', '', 'C', '10/8/2015', 'Terakreditasi'),
('041003', '86205', '', '', '', 'B', '9/2/2015', 'Terakreditasi'),
('041003', '87205', '169/SK/BAN-PT/Ak-XVI/S/VIII/2013 ', '2013', '', 'B ', '8/15/2018', 'Terakreditasi'),
('041003', '88201', '', '', '', 'C', '8/27/2015', 'Terakreditasi'),
('041003', '88203', '', '', '', 'B', '10/22/2015', 'Terakreditasi'),
('041003', '88204', '091/SK/BAN-PT/Ak-XV/S/II/2013 ', '2013', '', 'B ', '2/21/2018', 'Terakreditasi'),
('041003', '74101', '', '', '', 'B', '5/16/2017', 'Terakreditasi'),
('041003', '86104', '', '', '', 'A', '11/20/2014', 'Terakreditasi'),
('041003', '86004', '', '', '', 'B', '7/9/2015', 'Terakreditasi'),
('041003', '', '237/SK/BAN-PT/Ak-XVI/S/XI/2013 ', '2013', '', 'C ', '11/22/2018', 'Terakreditasi'),
('041006', '22401', '', '', '', 'B', '6/13/2013', 'Terakreditasi'),
('041006', '61405', '', '', '', 'B', '12/23/2015', 'Terakreditasi'),
('041006', '62901', '', '', '', '', '', ' '),
('041006', '22201', '227/SK/BAN-PT/Ak-XVI/S/XI/2013 ', '2013', '', 'A ', '11/9/2018', 'Terakreditasi'),
('041006', '23201', '', '', '', 'A', '6/19/2014', 'Terakreditasi'),
('041006', '24201', '', '', '', 'B', '10/8/2015', 'Terakreditasi'),
('041006', '26201', '', '', '', 'A', '10/29/2015', 'Terakreditasi'),
('041006', '44201', '', '', '', 'A', '12/3/2015', 'Terakreditasi'),
('041006', '45201', '', '', '', 'B', '1/7/2016', 'Terakreditasi'),
('041006', '55201', '', '', '', 'B', '1/21/2016', 'Terakreditasi'),
('041006', '60201', '211/SK/BAN-PT/Ak-XVI/S/X/2013 ', '2013', '', 'A ', '10/19/2018', 'Terakreditasi'),
('041006', '61201', '227/SK/BAN-PT/Ak-XVI/S/XI/2013 ', '2013', '', 'A ', '11/9/2018', 'Terakreditasi'),
('041006', '62201', '227/SK/BAN-PT/Ak-XVI/S/XI/2013 ', '2013', '', 'A ', '11/9/2018', 'Terakreditasi'),
('041006', '63201', '', '', '', 'A', '5/29/2014', 'Terakreditasi'),
('041006', '63211', '', '', '', 'A', '5/29/2014', 'Terakreditasi'),
('041006', '64201', '', '', '', 'A', '9/11/2014', 'Terakreditasi'),
('041006', '74201', '', '', '', 'A', '4/11/2014', 'Terakreditasi'),
('041006', '75201', '', '', '', 'A', '5/29/2014', 'Terakreditasi'),
('041006', '22101', '', '', '', 'B', '11/28/2013', 'Terakreditasi'),
('041006', '23101', '', '', '', 'A', '7/14/2016', 'Terakreditasi'),
('041006', '24101', '', '', '', '', '', ''),
('041006', '26101', '010/SK/BAN-PT/Ak-XV/S/I/2013 ', '2013', '', 'C', '1/10/2018', 'Terakreditasi'),
('041006', '61101', '', '', '', 'B', '1/21/2016', 'Terakreditasi'),
('041006', '68101', '', '', '', 'B', '1/8/2015', 'Terakreditasi'),
('041006', '74101', '', '', '', 'B', '1/7/2016', 'Terakreditasi'),
('041006', '77101', '', '', '', 'B', '5/14/2015', 'Terakreditasi'),
('041006', '22001', '', '', '', 'B', '7/9/2015', 'Terakreditasi'),
('041006', '23001', '', '', '', 'B', '5/14/2015', 'Terakreditasi'),
('041006', '60001', '', '', '', 'C', '11/26/2015', 'Terakreditasi'),
('041006', '74001', '', '', '', 'B', '7/9/2015', 'Terakreditasi'),
('041007', '55401', '190/SK/BAN-PT/Ak-XIII/Dpl-III/IX/2013 ', '2013', '', 'B ', '9/21/2018', 'Terakreditasi'),
('041007', '79402', '', '', '', 'B', '6/29/2017', 'Terakreditasi'),
('041007', '79409', '006', '2010', '', 'B', '6/24/2015', 'Terakreditasi'),
('041007', '90401', '', '', '', '', '', ' '),
('041007', '11901', '', '', '', '', '', ' '),
('041007', '62901', '', '', '', '', '', ''),
('041007', '11201', '', '', '', 'B', '11/12/2015', 'Terakreditasi'),
('041007', '12201', '097/SK/BAN-PT/Ak-XV/S/II/2013 ', '2013', '', 'C ', '2/28/2018', 'Terakreditasi'),
('041007', '20201', '', '', '', 'A', '12/23/2015', 'Terakreditasi'),
('041007', '22201', '019', '2010', '', 'B', '9/24/2015', 'Terakreditasi'),
('041007', '26201', '', '', '', 'B', '3/13/2016', 'Terakreditasi'),
('041007', '55201', '211/SK/BAN-PT/Ak-XVI/S/X/2013 ', '2013', '', 'B ', '10/19/2018', 'Terakreditasi'),
('041007', '56201', '032', '2012', '', 'C', '10/18/2017', 'Terakreditasi'),
('041007', '57201', '211/SK/BAN-PT/Ak-XVI/S/X/2013 ', '2013', '', 'B ', '10/19/2018', 'Terakreditasi'),
('041007', '61201', '', '', '', 'A', '7/1/2016', 'Terakreditasi'),
('041007', '62201', '', '', '', 'B', '6/23/2016', 'Terakreditasi'),
('041007', '73201', '', '', '', 'B', '8/18/2016', 'Terakreditasi'),
('041007', '74201', '180/SK/BAN-PT/Ak-XVI/S/VIII/2013 ', '2013', '', 'C ', '8/30/2018', 'Terakreditasi'),
('041007', '79202', '', '', '', 'C', '9/17/2015', 'Terakreditasi'),
('041007', '79204', '211/SK/BAN-PT/Ak-XVI/S/X/2013 ', '2013', '', 'B ', '10/19/2018', 'Terakreditasi'),
('041007', '79209', '237/SK/BAN-PT/Ak-XVI/S/XI/2013 ', '2013', '', 'B ', '11/22/2018', 'Terakreditasi'),
('041007', '90201', '', '', '', 'B', '8/3/2013', 'Terakreditasi'),
('041007', '90221', '', '', '', 'B', '10/30/2013', 'Terakreditasi'),
('041007', '90241', '', '', '', 'B', '10/30/2013', 'Terakreditasi'),
('041007', '61101', '', '', '', '', '', ' '),
('041007', '62101', '', '', '', '', '', ' '),
('041007', '73101', '', '', '', '', '', ' '),
('041008', '91421', '', '', '', '', '', ' '),
('041008', '21201', '', '', '', 'B', '7/28/2016', 'Terakreditasi'),
('041008', '25201', '', '', '', 'B', '10/16/2014', 'Terakreditasi'),
('041008', '26201', '', '', '', 'A', '10/3/2008', 'Reakreditasi'),
('041008', '35201', '', '', '', 'B', '9/11/2014', 'Terakreditasi'),
('041008', '41221', '', '', '', 'A', '8/28/2014', 'Terakreditasi'),
('041008', '55201', '', '', '', 'B', '9/11/2014', 'Terakreditasi'),
('041008', '60201', '', '', '', 'A', '11/12/2015', 'Terakreditasi'),
('041008', '61201', '', '', '', 'A', '12/17/2015', 'Terakreditasi'),
('041008', '62201', '', '', '', 'A', '9/9/2016', 'Terakreditasi'),
('041008', '63201', '', '', '', 'A', '11/6/2014', 'Terakreditasi'),
('041008', '63211', '', '', '', 'A', '8/28/2014', 'Terakreditasi'),
('041008', '64201', '', '', '', 'A', '12/3/2015', 'Terakreditasi'),
('041008', '70201', '', '', '', 'A', '8/28/2014', 'Terakreditasi'),
('041008', '72201', '', '', '', 'A', '11/6/2014', 'Terakreditasi'),
('041008', '74201', '', '', '', 'A', '8/13/2014', 'Terakreditasi'),
('041008', '79202', '', '', '', 'B', '1/1/2017', 'Terakreditasi'),
('041008', '84202', '', '', '', 'B', '4/2/2014', 'Terakreditasi'),
('041008', '84205', '', '', '', 'A', '5/15/2014', 'Terakreditasi'),
('041008', '86206', '', '', '', 'C', '5/6/2016', 'Terakreditasi'),
('041008', '87203', '', '', '', 'B', '8/18/2016', 'Terakreditasi'),
('041008', '87205', '', '', '', 'A', '6/19/2014', 'Terakreditasi'),
('041008', '88201', '', '', '', 'A', '6/19/2014', 'Terakreditasi'),
('041008', '90241', '016', '2007', '', 'B', '8/3/2012', 'Reakreditasi'),
('041008', '91221', '', '', '', 'C', '1/7/2016', 'Terakreditasi'),
('041008', '91271', '032', '2008', '', 'C', '1/12/2013', 'Reakreditasi'),
('041008', '26101', '046/SK/BAN-PT/AK-X/M/II/2013 ', '2013', '', 'C ', '2/7/2018', 'Terakreditasi'),
('041008', '41121', '', '', '', 'C', '5/24/2017', 'Terakreditasi'),
('041008', '61101', '', '', '', 'B', '7/9/2015', 'Terakreditasi'),
('041008', '63101', '', '', '', 'B', '1/7/2016', 'Terakreditasi'),
('041008', '74101', '029', '2011', '', 'B', '12/8/2016', 'Terakreditasi'),
('041008', '84102', '031', '2011', '', 'C', '12/29/2016', 'Terakreditasi'),
('041008', '', '', '', '', '', '', ''),
('041008', '61001', '027', '2012', '', 'B', '3/30/2017', 'Terakreditasi'),
('041008', '68001', '', '', '', 'B', '5/31/2017', 'Terakreditasi'),
('041008', '', '', '', '', '', '', ''),
('041011', '14401', '', '', '', 'B', '6/13/2013', 'Terakreditasi'),
('041011', '63412', '190/SK/BAN-PT/Ak-XIII/Dpl-III/IX/2013 ', '2013', '', 'C ', '9/21/2018', 'Terakreditasi'),
('041011', '14901', '', '', '', '', '', ''),
('041011', '14201', '', '', '', 'C', '1/13/2017', 'Terakreditasi'),
('041011', '46201', '', '', '', 'B', '4/1/2016', 'Terakreditasi'),
('041011', '55201', '', '', '', 'B', '1/28/2016', 'Terakreditasi'),
('041011', '57201', '', '', '', 'C', '11/26/2015', 'Terakreditasi'),
('041011', '61201', '', '', '', 'B', '5/13/2016', 'Terakreditasi'),
('041011', '62201', '', '', '', 'B', '6/17/2016', 'Terakreditasi'),
('041011', '75201', '', '', '', 'B', '4/1/2016', 'Terakreditasi'),
('041011', '84202', '', '', '', 'C', '7/17/2014', 'Terakreditasi'),
('041011', '88203', '', '', '', 'B', '8/3/2011', 'Reakreditasi'),
('041011', '61101', '010/SK/BAN-PT/Ak-XV/S/I/2013 ', '2013', '', 'C', '1/10/2018', 'Terakreditasi'),
('041011', '75101', '', '', '', 'C', '6/15/2017', 'Terakreditasi'),
('041015', '95420', '202/SK/BAN-PT/Ak-XIII/Dpl-III/X/2013 ', '2013', '', 'B ', '10/3/2018', 'Terakreditasi'),
('041015', '20201', '', '', '', 'B', '11/28/2013', 'Terakreditasi'),
('041015', '22201', '', '', '', 'B', '1/22/2015', 'Terakreditasi'),
('041015', '23201', '', '', '', 'C', '1/22/2015', 'Terakreditasi'),
('041015', '26201', '', '', '', 'B', '9/16/2014', 'Terakreditasi'),
('041015', '55201', '', '', '', 'B', '11/13/2013', 'Terakreditasi'),
('041015', '61201', '', '', '', 'B', '11/28/2013', 'Terakreditasi'),
('041015', '62201', '', '', '', 'B', '1/21/2016', 'Terakreditasi'),
('041015', '65201', '', '', '', 'B', '7/31/2015', 'Terakreditasi'),
('041015', '70201', '', '', '', 'B', '4/30/2015', 'Terakreditasi'),
('041015', '72201', '', '', '', 'B', '6/23/2016', 'Terakreditasi'),
('041015', '74201', '032', '2008', '', 'B', '12/5/2013', 'Terakreditasi'),
('041015', '84202', '', '', '', 'B', '11/20/2014', 'Terakreditasi'),
('041015', '87203', '227/SK/BAN-PT/Ak-XVI/S/XI/2013 ', '2013', '', 'B ', '11/9/2018', 'Terakreditasi'),
('041015', '65101', '', '', '', 'B', '5/23/2013', 'Terakreditasi'),
('041015', '74101', '', '', '', 'B', '1/28/2016', 'Terakreditasi'),
('041015', '55101', '', '', '', '', '', ''),
('041015', '61101', '', '', '', '', '', ''),
('041016', '24401', '', '', '', 'B', '8/18/2012', 'Reakreditasi'),
('041016', '24404', '', '', '', 'B', '6/8/2010', 'Reakreditasi'),
('041016', '24201', '', '', '', 'C', '9/19/2013', 'Terakreditasi'),
('041016', '41231', '', '', '', 'C', '1/1/2017', 'Terakreditasi'),
('041016', '54201', '', '', '', 'C', '1/13/2017', 'Terakreditasi'),
('041016', '54211', '049', '2012', '', 'C', '1/13/2017', 'Terakreditasi'),
('041016', '54231', '', '', '', 'C', '11/13/2013', 'Terakreditasi'),
('041016', '62201', '032', '2012', '', 'C', '10/18/2017', 'Terakreditasi'),
('041016', '26201', '', '', '', 'C', '8/24/2009', 'Reakreditasi'),
('041016', '61201', '192/SK/BAN-PT/Ak-XVI/S/IX/2013 ', '2013', '', 'B ', '9/21/2018', 'Terakreditasi'),
('041016', '86205', '', '', '', 'C', '3/8/2005', 'Reakreditasi'),
('041022', '22201', '030/SK/BAN-PT/Ak-XV/S/I/2013 ', '2013', '', 'C ', '1/31/2018', 'Terakreditasi'),
('041022', '23201', '', '', '', 'B', '7/21/2005', 'Reakreditasi'),
('041022', '25201', '151/SK/BAN-PT/Ak-XVI/S/VI/2013 ', '2013', '', 'C ', '6/29/2018', 'Terakreditasi'),
('041022', '54201', '', '', '', 'B', '5/27/2015', 'Terakreditasi'),
('041022', '54211', '004', '2010', '', 'B', '5/27/2015', 'Terakreditasi'),
('041022', '54251', '', '', '', 'C', '11/18/2016', 'Terakreditasi'),
('041022', '26201', '', '', '', 'C', '5/19/2012', 'Reakreditasi'),
('041022', '29201', '044/SK/BAN-PT/Ak-XV/S/II/2013 ', '2013', '', 'C ', '2/7/2018', 'Terakreditasi'),
('041022', '35201', '119/SK/BAN-PT/Ak-XV/S/IV/2013 ', '2013', '', 'C ', '4/12/2018', 'Terakreditasi'),
('041022', '61201', '151/SK/BAN-PT/Ak-XVI/S/VI/2013 ', '2013', '', 'C ', '6/29/2018', 'Terakreditasi'),
('041022', '62201', '051/SK/BAN-PT/Ak-XV/S/II/2013 ', '2013', '', 'C ', '2/14/2018', 'Terakreditasi'),
('041022', '54102', '', '', '', 'B', '8/11/2012', 'Terakreditasi'),
('041022', '54104', '010/SK/BAN-PT/Ak-XV/S/I/2013 ', '2013', '', 'C', '1/10/2018', 'Terakreditasi'),
('041022', '61101', '', '', '', 'B', '9/16/2016', 'Terakreditasi'),
('041025', '40401', '', '', '', 'C', '2/4/2016', 'Terakreditasi'),
('041025', '40403', '', '', '', 'B', '6/9/2016', 'Terakreditasi'),
('041025', '40404', '', '', '', 'B', '12/30/2015', 'Terakreditasi'),
('041025', '40405', '', '', '', 'B', '6/9/2016', 'Terakreditasi'),
('041025', '40406', '', '', '', 'B', '7/14/2016', 'Terakreditasi'),
('041025', '63414', '', '', '', 'B', '12/29/2012', 'Reakreditasi'),
('041025', '20201', '', '', '', 'C', '4/17/2014', 'Terakreditasi'),
('041025', '26201', '', '', '', 'C', '4/17/2014', 'Terakreditasi'),
('041025', '40201', '', '', '', 'B', '10/29/2015', 'Terakreditasi'),
('041025', '61201', '', '', '', 'C', '10/29/2015', 'Terakreditasi'),
('041025', '63201', '', '', '', 'B', '5/15/2014', 'Terakreditasi'),
('041025', '55201', '', '', '', 'C', '1/12/2013', 'Reakreditasi'),
('041025', '63211', '', '', '', 'B', '1/28/2010', 'Reakreditasi'),
('041025', '63101', '', '', '', 'B', '8/21/2014', 'Terakreditasi'),
('041027', '56401', '033', '2012', '', 'B', '12/28/2017', 'Terakreditasi'),
('041027', '57402', '012/SK/BAN-PT/Ak-X/M/I/2013 ', '2013', '', 'C', '1/10/2018', 'Terakreditasi'),
('041027', '61404', '012/SK/BAN-PT/Ak-X/M/I/2013 ', '2013', '', 'C', '1/10/2018', 'Terakreditasi'),
('041027', '61406', '001', '2012', '', 'A', '4/27/2017', 'Terakreditasi'),
('041027', '62401', '', '', '', 'B', '1/27/2017', 'Terakreditasi'),
('041027', '55401', '', '', '', ' ', '', ''),
('041027', '57401', '040/SK/BAN-PT/Ak-XII/Dpl-III/II/2013 ', '2013', '', 'B ', '2/7/2018', 'Terakreditasi'),
('041027', '63412', '', '', '', ' ', '', ''),
('041027', '70401', '', '', '', '', '', ''),
('041027', '79402', '', '', '', ' ', '', ''),
('041027', '90421', '', '', '', ' ', '', ''),
('041027', '90442', '', '', '', 'B', '12/29/2012', 'Reakreditasi'),
('041027', '23201', '024', '2012', '', 'B', '8/10/2017', 'Terakreditasi'),
('041027', '26201', '032', '2012', '', 'B', '10/18/2017', 'Terakreditasi'),
('041027', '20201', '180/SK/BAN-PT/Ak-XVI/S/VIII/2013 ', '2013', '', 'B ', '8/30/2018', 'Terakreditasi'),
('041027', '22201', '051/SK/BAN-PT/Ak-XV/S/II/2013 ', '2013', '', 'C ', '2/14/2018', 'Terakreditasi'),
('041027', '56201', '032', '2012', '', 'B', '10/18/2017', 'Terakreditasi'),
('041027', '35201', '151/SK/BAN-PT/Ak-XVI/S/VI/2013 ', '2013', '', 'B ', '6/29/2018', 'Terakreditasi'),
('041027', '55201', '195/SK/BAN-PT/Ak-SURV/S/IX/2013 ', '2013', '', 'B ', '1/31/2018', 'Terakreditasi'),
('041027', '61201', '', '', '', 'A', '9/9/2016', 'Terakreditasi'),
('041027', '62201', '', '', '', 'A', '9/23/2016', 'Terakreditasi'),
('041027', '64201', '', '', '', 'B', '11/25/2016', 'Terakreditasi'),
('041027', '65201', '', '', '', 'B', '10/28/2016', 'Terakreditasi'),
('041027', '57201', '151/SK/BAN-PT/Ak-XVI/S/VI/2013 ', '2013', '', 'B ', '6/29/2018', 'Terakreditasi'),
('041027', '74201', '028', '2012', '', 'B', '10/18/2017', 'Terakreditasi'),
('041027', '79204', '', '', '', 'B', '12/8/2016', 'Terakreditasi'),
('041027', '70201', '', '', '', 'B', '6/15/2011', 'Reakreditasi'),
('041027', '79202', '', '', '', 'B', '11/26/2012', 'Reakreditasi'),
('041027', '90221', '157/SK/BAN-PT/Ak-XVI/S/VII/2013 ', '2013', '', 'B ', '7/20/2018', 'Terakreditasi'),
('041027', '90241', '151/SK/BAN-PT/Ak-XVI/S/VI/2013 ', '2013', '', 'B ', '6/29/2018', 'Terakreditasi'),
('041027', '57101', '012/SK/BAN-PT/Ak-X/M/I/2013 ', '2013', '', 'B', '1/10/2018', 'Terakreditasi'),
('041027', '61101', '', '', '', 'B', '5/16/2017', 'Terakreditasi'),
('041031', '61403', '012', '2012', '', 'C', '6/22/2017', 'Terakreditasi'),
('041031', '79402', '026', '2011', '', 'C', '12/8/2016', 'Terakreditasi'),
('041031', '26402', '', '', '', '', '', ''),
('041031', '55401', '', '', '', '', '', ''),
('041031', '57401', '047/SK/BAN-PT/AK-XII/Dpl-III/II/2013 ', '2013', '', 'C ', '2/14/2018', 'Terakreditasi'),
('041031', '55201', '', '', '', 'C', '10/8/2015', 'Terakreditasi'),
('041031', '26201', '', '', '', '', '', ''),
('041031', '61201', '', '', '', 'B', '9/2/2015', 'Terakreditasi'),
('041031', '62201', '', '', '', 'B', '9/17/2015', 'Terakreditasi'),
('041031', '73201', '', '', '', 'C', '7/21/2016', 'Terakreditasi'),
('041031', '79204', '', '', '', 'C', '9/23/2016', 'Terakreditasi'),
('041034', '61405', '', '', '', 'B', '9/11/2014', 'Terakreditasi'),
('041034', '62401', '', '', '', 'B', '10/10/2013', 'Terakreditasi'),
('041034', '79404', '', '', '', 'B', '6/8/2017', 'Terakreditasi'),
('041034', '90443', '', '', '', 'B', '1/28/2016', 'Terakreditasi'),
('041034', '90342', '', '', '', 'B', '1/10/2014', 'Terakreditasi'),
('041034', '62901', '', '', '', '', '', ''),
('041034', '26201', '', '', '', 'B', '2/5/2015', 'Terakreditasi'),
('041034', '55201', '', '', '', 'B', '12/8/2016', 'Terakreditasi'),
('041034', '62201', '', '', '', 'B', '6/12/2014', 'Terakreditasi'),
('041034', '79202', '', '', '', 'B', '6/29/2017', 'Terakreditasi'),
('041034', '57201', '217/SK/BAN-PT/Ak-XVI/S/X/2013 ', '2013', '', 'B ', '10/26/2018', 'Terakreditasi'),
('041034', '61201', '091/SK/BAN-PT/Ak-XV/S/II/2013 ', '2013', '', 'A ', '2/21/2018', 'Terakreditasi'),
('041034', '61101', '', '', '', 'B', '2/5/2015', 'Terakreditasi'),
('041036', '20201', '014/SK/BAN-PT/AK-XII/Dpl-III/I/2013 ', '2013', '', 'C', '1/18/2018', 'Terakreditasi'),
('041036', '21201', '014/SK/BAN-PT/AK-XII/Dpl-III/I/2013 ', '2013', '', 'C', '1/18/2018', 'Terakreditasi'),
('041036', '23201', '', '', '', 'C', '7/8/2016', 'Terakreditasi'),
('041036', '25201', '045', '2012', '', 'C', '12/15/2017', 'Terakreditasi'),
('041036', '26201', '047', '2012', '', 'C', '12/28/2017', 'Terakreditasi'),
('041036', '55201', '042', '2012', '', 'C', '11/23/2017', 'Terakreditasi'),
('041036', '57201', '045', '2012', '', 'C', '12/15/2017', 'Terakreditasi'),
('041036', '70201', '042', '2012', '', 'C', '11/23/2017', 'Terakreditasi'),
('041036', '79202', '042', '2012', '', 'C', '11/23/2017', 'Terakreditasi'),
('041037', '48201', '', '', '', 'C', '9/11/2014', 'Terakreditasi'),
('041037', '61201', '', '', '', 'C', '5/6/2016', 'Terakreditasi'),
('041037', '63201', '', '', '', 'B', '4/2/2014', 'Terakreditasi'),
('041037', '41211', '', '', '', '', '', ''),
('041037', '41221', '091/SK/BAN-PT/Ak-XV/S/II/2013 ', '2013', '', 'C ', '2/21/2018', 'Terakreditasi'),
('041037', '64201', '044/SK/BAN-PT/Ak-XV/S/II/2013 ', '2013', '', 'B ', '2/7/2018', 'Terakreditasi'),
('041037', '79202', '', '', '', '', '', ''),
('041044', '55401', '', '', '', 'C', '6/24/2015', 'Terakreditasi'),
('041044', '61406', '', '', '', 'B', '1/28/2016', 'Terakreditasi'),
('041044', '62401', '', '', '', 'B', '9/7/2012', 'Reakreditasi'),
('041044', '20201', '', '', '', 'C', '5/31/2017', 'Terakreditasi'),
('041044', '22201', '035', '2011', '', 'B', '11/4/2016', 'Terakreditasi'),
('041044', '55201', '', '', '', 'C', '6/24/2015', 'Terakreditasi'),
('041044', '57201', '014/SK/BAN-PT/AK-XII/Dpl-III/I/2013 ', '2013', '', 'C', '1/18/2018', 'Terakreditasi'),
('041044', '61201', '', '', '', 'B', '12/23/2015', 'Terakreditasi'),
('041044', '62201', '', '', '', 'A', '1/21/2016', 'Terakreditasi'),
('041044', '70201', '014/SK/BAN-PT/AK-XII/Dpl-III/I/2013 ', '2013', '', 'C', '1/18/2018', 'Terakreditasi'),
('041044', '21201', '030/SK/BAN-PT/Ak-XV/S/I/2013 ', '2013', '', 'C ', '1/31/2018', 'Terakreditasi'),
('041044', '26201', '164/SK/BAN-PT/Ak-XVI/S/VIII/2013 ', '2013', '', 'C ', '8/3/2018', 'Terakreditasi'),
('041044', '63211', '030/SK/BAN-PT/Ak-XV/S/I/2013 ', '2013', '', 'B ', '1/31/2018', 'Terakreditasi'),
('041046', '55401', '', '', '', '', '', ''),
('041046', '56401', '', '', '', '', '', ''),
('041046', '57401', '', '', '', '', '', ''),
('041046', '57402', '', '', '', '', '', ''),
('041046', '62401', '', '', '', '', '', ''),
('041046', '63411', '', '', '', ' ', '', ''),
('041046', '20201', '', '', '', '', '', ''),
('041046', '26201', '', '', '', '', '', ''),
('041046', '55201', '', '', '', '', '', ''),
('041046', '56201', '', '', '', '', '', ''),
('041046', '61201', '', '', '', 'C', '8/21/2014', 'Terakreditasi'),
('041046', '62201', '', '', '', 'B', '8/28/2014', 'Terakreditasi'),
('041046', '57201', '', '', '', '', '', ''),
('041046', '63211', '', '', '', '', '', ''),
('041046', '70201', '', '', '', '', '', ''),
('041046', '73201', '', '', '', '', '', ''),
('041046', '74201', '', '', '', '', '', ''),
('041046', '90241', '', '', '', '', '', ''),
('041047', '44201', '', '', '', '', '', ''),
('041047', '45201', '', '', '', '', '', ''),
('041047', '46201', '', '', '', '', '', ''),
('041047', '47201', '', '', '', '', '', ''),
('041047', '55201', '', '', '', '', '', ''),
('041047', '63211', '', '', '', '', '', ''),
('041047', '64201', '', '', '', '', '', ''),
('041047', '67201', '', '', '', '', '', ''),
('041047', '70201', '', '', '', '', '', ''),
('041047', '90221', '', '', '', '', '', ''),
('041047', '90241', '', '', '', '', '', ''),
('041048', '54211', '051', '2012', '', 'C', '1/27/2017', 'Terakreditasi'),
('041048', '14201', '106/SK/BAN-PT/Ak-XV/S/IV/2013 ', '2013', '', 'C ', '4/4/2018', 'Terakreditasi'),
('041048', '41221', '', '', '', '', '', ''),
('041048', '44201', '', '', '', '', '', ''),
('041048', '65201', '001', '2012', '', 'C', '4/13/2017', 'Terakreditasi'),
('041048', '87202', '', '', '', 'B', '9/5/2014', 'Terakreditasi'),
('041048', '87220', '', '', '', 'C', '6/29/2017', 'Terakreditasi'),
('041048', '54201', '151/SK/BAN-PT/Ak-XVI/S/VI/2013 ', '2013', '', 'C ', '6/29/2018', 'Terakreditasi'),
('041048', '88203', '001', '2012', '', 'C', '4/13/2017', 'Terakreditasi'),
('041048', '55201', '051/SK/BAN-PT/Ak-XV/S/II/2013 ', '2013', '', 'C ', '2/14/2018', 'Terakreditasi'),
('041048', '57201', '', '', '', '', '', ' '),
('041048', '62201', '030/SK/BAN-PT/Ak-XV/S/I/2013 ', '2013', '', 'C ', '1/31/2018', 'Terakreditasi'),
('041048', '88201', '', '', '', 'C', '11/26/2012', 'Reakreditasi'),
('041052', '57401', '', '', '', '', '', ''),
('041052', '62401', '', '', '', '', '', ''),
('041052', '14901', '', '', '', '', '', ''),
('041052', '14201', '', '', '', 'C', '1/26/2013', 'Reakreditasi'),
('041052', '26201', '', '', '', '', '', ''),
('041052', '70201', '', '', '', 'B', '12/8/2011', 'Reakreditasi'),
('041052', '90221', '', '', '', '', '', ''),
('041052', '90241', '', '', '', '', '', ''),
('041052', '61101', '', '', '', 'C', '1/26/2013', 'Reakreditasi'),
('042002', '20201', '197/SK/BAN-PT/Ak-XVI/S/IX/2013 ', '2013', '', 'B ', '9/26/2018', 'Terakreditasi'),
('042002', '21201', '227/SK/BAN-PT/Ak-XVI/S/XI/2013 ', '2013', '', 'B ', '11/9/2018', 'Terakreditasi'),
('042002', '22201', '', '', '', 'B', '7/28/2016', 'Terakreditasi'),
('042002', '24201', '192/SK/BAN-PT/Ak-XVI/S/IX/2013 ', '2013', '', 'B ', '9/21/2018', 'Terakreditasi'),
('042002', '25201', '217/SK/BAN-PT/Ak-XVI/S/X/2013 ', '2013', '', 'A ', '10/26/2018', 'Terakreditasi'),
('042002', '26201', '', '', '', 'B', '11/11/2016', 'Terakreditasi'),
('042002', '35201', '', '', '', 'B', '10/8/2015', 'Terakreditasi'),
('042002', '55201', '', '', '', 'C', '3/14/2014', 'Terakreditasi'),
('042002', '90231', '', '', '', 'B', '8/6/2015', 'Terakreditasi'),
('042002', '90241', '192/SK/BAN-PT/Ak-XVI/S/IX/2013 ', '2013', '', 'B ', '9/21/2018', 'Terakreditasi'),
('042002', '23201', '157/SK/BAN-PT/Ak-XVI/S/VII/2013 ', '2013', '', 'B ', '7/20/2018', 'Terakreditasi'),
('042002', '29201', '151/SK/BAN-PT/Ak-XVI/S/VI/2013 ', '2013', '', 'B ', '6/29/2018', 'Terakreditasi'),
('042002', '90221', '157/SK/BAN-PT/Ak-XVI/S/VII/2013 ', '2013', '', 'A ', '7/20/2018', 'Terakreditasi'),
('042005', '22201', '', '', '', '', '', ''),
('042005', '23201', '', '', '', '', '', ''),
('042005', '25201', '', '', '', '', '', ''),
('042005', '27201', '', '', '', '', '', ' '),
('042005', '31201', '', '', '', '', '', ''),
('042005', '32201', '', '', '', '', '', ''),
('042005', '34201', '', '', '', '', '', ''),
('042005', '35201', '106/SK/BAN-PT/Ak-XV/S/IV/2013 ', '2013', '', 'C ', '4/4/2018', 'Terakreditasi'),
('042005', '90221', '', '', '', '', '', ''),
('042005', '90231', '157/SK/BAN-PT/Ak-XVI/S/VII/2013 ', '2013', '', 'C ', '7/20/2018', 'Terakreditasi'),
('042006', '20201', '', '', '', 'B', '9/29/2016', 'Terakreditasi'),
('042006', '26201', '', '', '', 'B', '9/9/2016', 'Terakreditasi'),
('042006', '55201', '', '', '', 'B', '9/23/2016', 'Terakreditasi'),
('042006', '57201', '', '', '', 'B', '9/23/2016', 'Terakreditasi'),
('042006', '90241', '', '', '', 'B', '1/13/2017', 'Terakreditasi'),
('042006', '56201', '227/SK/BAN-PT/Ak-XVI/S/XI/2013 ', '2013', '', 'B ', '11/9/2018', 'Terakreditasi'),
('042008', '55401', '002', '2010', '', 'A', '5/14/2015', 'Terakreditasi'),
('042008', '20402', '', '', '', ' ', '', ''),
('042008', '20201', '', '', '', 'B', '9/23/2016', 'Terakreditasi'),
('042008', '20202', '', '', '', 'A', '5/6/2014', 'Terakreditasi'),
('042008', '26201', '', '', '', 'A', '4/30/2014', 'Terakreditasi'),
('042008', '55201', '', '', '', 'A', '5/14/2015', 'Terakreditasi'),
('042008', '56201', '', '', '', 'C', '8/18/2016', 'Terakreditasi'),
('042008', '30201', '', '', '', '', '', ''),
('042008', '57201', '157/SK/BAN-PT/Ak-XVI/S/VII/2013 ', '2013', '', 'B ', '7/20/2018', 'Terakreditasi'),
('042008', '59202', '', '', '', '', '', ''),
('042008', '20101', '', '', '', 'B', '5/16/2017', 'Terakreditasi'),
('042008', '55101', '014/SK/BAN-PT/AK-XII/Dpl-III/I/2013 ', '2013', '', 'C', '1/18/2018', 'Terakreditasi'),
('042009', '61404', '', '', '', 'C', '1/28/2016', 'Terakreditasi'),
('042009', '61201', '007', '2012', '', 'A', '6/29/2017', 'Terakreditasi'),
('042009', '62201', '020', '2012', '', 'B', '7/12/2017', 'Terakreditasi'),
('042009', '63211', '', '', '', 'B', '6/29/2017', 'Terakreditasi'),
('042009', '70201', '', '', '', 'B', '5/24/2017', 'Terakreditasi'),
('042009', '90241', '', '', '', 'B', '6/8/2017', 'Terakreditasi'),
('042009', '61101', '', '', '', 'A', '6/29/2017', 'Terakreditasi'),
('043001', '74201', '', '', '', 'B', '9/5/2013', 'Terakreditasi'),
('043001', '74101', '', '', '', 'B', '12/1/2016', 'Terakreditasi'),
('043018', '61405', '014/SK/BAN-PT/AK-XII/Dpl-III/I/2013 ', '2013', '', 'C ', '1/18/2018', 'Terakreditasi'),
('043018', '62401', '027/SK/BAN-PT/AK-XII/Dpl-III/I/2013 ', '2013', '', 'C ', '1/31/2018', 'Terakreditasi'),
('043018', '62201', '', '', '', 'C', '1/13/2017', 'Terakreditasi'),
('043018', '61201', '', '', '', 'C', '1/30/2012', 'Reakreditasi'),
('043021', '61201', '', '', '', 'B', '10/9/2014', 'Terakreditasi'),
('043021', '62201', '', '', '', 'B', '8/28/2014', 'Terakreditasi'),
('043022', '61406', '', '', '', 'B', '7/1/2016', 'Terakreditasi'),
('043022', '62401', '', '', '', 'B', '8/12/2016', 'Terakreditasi'),
('043022', '61201', '', '', '', 'B', '4/30/2014', 'Terakreditasi'),
('043022', '62201', '051/SK/BAN-PT/Ak-XV/S/II/2013 ', '2013', '', 'B ', '2/14/2018', 'Terakreditasi'),
('043026', '61405', '', '', '', 'B', '6/18/2015', 'Terakreditasi'),
('043026', '62401', '', '', '', 'C', '6/22/2017', 'Terakreditasi'),
('043026', '61201', '', '', '', 'B', '9/29/2016', 'Terakreditasi'),
('043026', '62201', '', '', '', 'C', '9/29/2016', 'Terakreditasi'),
('043027', '55601', '', '', '', '', '', ''),
('043027', '57601', '', '', '', '', '', ''),
('043027', '57602', '', '', '', '', '', ''),
('043027', '55401', '', '', '', 'B', '6/11/2015', 'Terakreditasi'),
('043027', '57401', '', '', '', 'C', '1/20/2017', 'Terakreditasi'),
('043027', '57402', '', '', '', 'C', '7/9/2015', 'Terakreditasi'),
('043027', '55201', '192/SK/BAN-PT/Ak-XVI/S/IX/2013 ', '2013', '', 'C ', '9/21/2018', 'Terakreditasi'),
('043035', '79402', '040/SK/BAN-PT/Ak-XII/Dpl-III/II/2013 ', '2013', '', 'C ', '2/7/2018', 'Terakreditasi'),
('043035', '79404', '178/SK/BAN-PT/Ak-XIII/Dpl-III/VIII/2013 ', '2013', '', 'B ', '8/30/2018', 'Terakreditasi'),
('043035', '79202', '', '', '', 'C', '9/2/2015', 'Terakreditasi'),
('043035', '79204', '', '', '', 'C', '9/16/2016', 'Terakreditasi'),
('043035', '79205', '', '', '', 'C', '5/20/2005', 'Reakreditasi'),
('043035', '79206', '', '', '', 'C', '5/20/2005', 'Reakreditasi'),
('043038', '20201', '', '', '', 'C', '11/25/2016', 'Terakreditasi'),
('043038', '22201', '', '', '', 'C', '1/29/2015', 'Terakreditasi'),
('043038', '23201', '', '', '', 'B', '7/21/2016', 'Terakreditasi'),
('043038', '55201', '', '', '', 'C', '5/23/2014', 'Terakreditasi'),
('043040', '22401', '', '', '', 'C', '3/14/2014', 'Terakreditasi'),
('043040', '20401', '', '', '', 'B', '12/8/2010', 'Reakreditasi'),
('043040', '21401', '', '', '', 'B', '5/11/2011', 'Reakreditasi'),
('043040', '55401', '', '', '', 'B', '6/1/2011', 'Reakreditasi'),
('043040', '20201', '', '', '', 'B', '2/5/2015', 'Terakreditasi'),
('043040', '21201', '', '', '', 'B', '10/16/2014', 'Terakreditasi'),
('043040', '22201', '', '', '', 'B', '6/15/2017', 'Terakreditasi'),
('043040', '55201', '', '', '', 'C', '3/19/2015', 'Terakreditasi'),
('043042', '63211', '', '', '', 'C', '9/5/2014', 'Terakreditasi'),
('043042', '63201', '', '', '', 'B', '11/2/2011', 'Reakreditasi'),
('043043', '62401', '163/SK/BAN-PT/Ak-XIII/Dpl-III/VIII/2013 ', '2013', '', 'B ', '8/3/2018', 'Terakreditasi'),
('043043', '61201', '030/SK/BAN-PT/Ak-XV/S/I/2013 ', '2013', '', 'B ', '1/31/2018', 'Terakreditasi'),
('043043', '62201', '', '', '', 'B', '8/3/2012', 'Reakreditasi'),
('043043', '61101', '193/SK/BAN-PT/Ak-XI/M/IX/2013 ', '2013', '', 'B ', '9/21/2018', 'Terakreditasi'),
('043045', '70401', '', '', '', '', '', ''),
('043045', '70201', '', '', '', 'C', '11/26/2012', 'Reakreditasi'),
('043046', '41221', '', '', '', 'B', '9/30/2010', 'Reakreditasi'),
('043046', '54201', '', '', '', '', '', ''),
('043049', '31201', '157/SK/BAN-PT/Ak-XVI/S/VII/2013 ', '2013', '', 'C ', '7/20/2018', 'Terakreditasi'),
('043049', '34201', '157/SK/BAN-PT/Ak-XVI/S/VII/2013 ', '2013', '', 'C ', '7/20/2018', 'Terakreditasi'),
('043056', '93401', '', '', '', 'C', '8/13/2014', 'Terakreditasi'),
('043056', '93402', '', '', '', 'B', '7/17/2014', 'Terakreditasi'),
('043056', '61201', '211/SK/BAN-PT/Ak-XVI/S/X/2013 ', '2013', '', 'B ', '10/19/2018', 'Terakreditasi'),
('043059', '26201', '227/SK/BAN-PT/Ak-XVI/S/XI/2013 ', '2013', '', 'C ', '11/9/2018', 'Terakreditasi'),
('043059', '', '103/SK/BAN-PT/Ak-XII/Dpl-III/IV/2013 ', '2013', '', 'C ', '4/4/2018', 'Terakreditasi'),
('043063', '55401', '', '', '', '', '', ''),
('043063', '56401', '', '', '', '', '', ''),
('043063', '57401', '', '', '', '', '', ''),
('043063', '57402', '', '', '', '', '', ''),
('043063', '55201', '', '', '', 'C', '6/20/2013', 'Terakreditasi'),
('043063', '57201', '', '', '', 'C', '5/31/2013', 'Terakreditasi'),
('043071', '57401', '241/SK/BAN-PT/Ak-XIII/Dpl-III/XII/2013 ', '2013', '', 'B ', '12/7/2018', 'Terakreditasi'),
('043071', '55201', '', '', '', 'B', '3/14/2014', 'Terakreditasi'),
('043071', '57201', '', '', '', 'B', '6/5/2014', 'Terakreditasi'),
('043071', '57101', '', '', '', 'C', '1/8/2015', 'Terakreditasi'),
('043073', '55401', '', '', '', 'C', '12/30/2015', 'Terakreditasi'),
('043073', '57401', '', '', '', 'B', '6/12/2007', 'Reakreditasi'),
('043073', '55201', '', '', '', 'B', '3/14/2014', 'Terakreditasi'),
('043073', '57201', '', '', '', 'C', '12/30/2015', 'Terakreditasi'),
('043078', '61201', '', '', '', '', '', ''),
('043079', '90221', '197/SK/BAN-PT/Ak-XVI/S/IX/2013 ', '2013', '', 'C ', '9/26/2018', 'Terakreditasi'),
('043079', '90241', '', '', '', 'C', '6/30/2012', 'Reakreditasi'),
('043086', '55401', '', '', '', '', '', ''),
('043086', '56401', '', '', '', '', '', ''),
('043086', '57401', '', '', '', '', '', ''),
('043086', '57402', '', '', '', '', '', ''),
('043086', '55201', '', '', '', 'C', '2/4/2016', 'Terakreditasi'),
('043086', '57201', '', '', '', '', '', ''),
('043104', '57401', '', '', '', '', '', ''),
('043104', '57402', '', '', '', '', '', ''),
('043104', '55201', '', '', '', 'D', '9/12/2004', 'Reakreditasi'),
('043113', '21601', '', '', '', '', '', ''),
('043113', '21401', '', '', '', '', '', ''),
('043113', '26401', '', '', '', '', '', ''),
('043113', '20201', '', '', '', '', '', ''),
('043113', '21201', '', '', '', '', '', ''),
('043113', '22201', '', '', '', '', '', ''),
('043113', '26201', '', '', '', '', '', ''),
('043115', '48401', '', '', '', 'C', '6/18/2015', 'Terakreditasi'),
('043115', '48901', '', '', '', '', '', ''),
('043115', '48201', '', '', '', 'B', '8/18/2012', 'Reakreditasi'),
('043128', '61406', '', '', '', '', '', ''),
('043128', '61201', '106/SK/BAN-PT/Ak-XV/S/IV/2013 ', '2013', '', 'C ', '4/4/2018', 'Terakreditasi'),
('043128', '62201', '091/SK/BAN-PT/Ak-XV/S/II/2013 ', '2013', '', 'C ', '2/21/2018', 'Terakreditasi'),
('043135', '61201', '097/SK/BAN-PT/Ak-XV/S/II/2013 ', '2013', '', 'C ', '2/28/2018', 'Terakreditasi'),
('043135', '62201', '017/SK/BAN-PT/Ak-XV/S/I/2013 ', '2013', '', 'C', '1/18/2018', 'Terakreditasi'),
('043137', '56601', '', '', '', '', '', ''),
('043137', '57601', '', '', '', '', '', ''),
('043137', '55401', '', '', '', 'B', '7/10/2012', 'Reakreditasi'),
('043137', '56401', '', '', '', 'B', '7/10/2012', 'Reakreditasi'),
('043137', '57401', '', '', '', 'B', '8/25/2012', 'Reakreditasi'),
('043137', '55201', '', '', '', 'B', '7/28/2016', 'Terakreditasi'),
('043137', '57201', '026', '2009', '', 'C', '9/5/2014', 'Terakreditasi'),
('043141', '63201', '164/SK/BAN-PT/Ak-XVI/S/VIII/2013 ', '2013', '', 'C ', '8/3/2018', 'Terakreditasi'),
('043141', '63211', '180/SK/BAN-PT/Ak-XVI/S/VIII/2013 ', '2013', '', 'C ', '8/30/2018', 'Terakreditasi'),
('043153', '61403', '', '', '', ' ', '', ''),
('043153', '62401', '', '', '', '', '', ''),
('043153', '61201', '', '', '', '', '9/12/2013', 'Terakreditasi'),
('043153', '62201', '', '', '', 'C', '10/10/2013', 'Terakreditasi'),
('043156', '61405', '', '', '', '', '', ''),
('043156', '62401', '', '', '', '', '', ''),
('043156', '61201', '', '', '', 'C', '5/19/2012', 'Reakreditasi'),
('043156', '62201', '', '', '', '', '', ''),
('043166', '87201', '097/SK/BAN-PT/Ak-XV/S/II/2013 ', '2013', '', 'C ', '2/28/2018', 'Terakreditasi'),
('043166', '88203', '091/SK/BAN-PT/Ak-XV/S/II/2013 ', '2013', '', 'C ', '2/21/2018', 'Terakreditasi'),
('043186', '15401', '', '', '', 'C', '6/26/2014', 'Terakreditasi'),
('043186', '14201', '', '', '', 'C', '6/26/2014', 'Terakreditasi'),
('043186', '13201', '237/SK/BAN-PT/Ak-XVI/S/XI/2013 ', '2013', '', 'C ', '11/22/2018', 'Terakreditasi'),
('043187', '91421', '', '', '', '', '', ''),
('043187', '91221', '091/SK/BAN-PT/Ak-XV/S/II/2013 ', '2013', '', 'C ', '2/21/2018', 'Terakreditasi'),
('043191', '48201', '', '', '', 'C', '10/5/2009', 'Reakreditasi'),
('043192', '55401', '', '', '', '', '', ''),
('043192', '57401', '', '', '', '', '', ''),
('043192', '55201', '', '', '', '', '', ''),
('043198', '55401', '', '', '', '', '', ''),
('043198', '57401', '', '', '', '', '', ''),
('043198', '57402', '', '', '', '', '', ''),
('043198', '55201', '', '', '', '', '', ''),
('043198', '57201', '', '', '', '', '', ''),
('043203', '14401', '', '', '', 'C', '6/18/2015', 'Terakreditasi'),
('043203', '15401', '', '', '', 'B', '11/5/2015', 'Terakreditasi'),
('043203', '14901', '', '', '', '', '', ''),
('043203', '13201', '', '', '', 'C', '7/21/2016', 'Terakreditasi'),
('043203', '14201', '', '', '', '', '', ''),
('043205', '13461', '', '', '', 'C', '11/25/2016', 'Terakreditasi'),
('043205', '14401', '', '', '', 'C', '1/27/2017', 'Terakreditasi'),
('043205', '15401', '028', '2011', '', 'C', '12/22/2016', 'Terakreditasi'),
('043205', '14901', '', '', '', '', '', ''),
('043205', '14201', '', '', '', 'B', '12/29/2016', 'Terakreditasi'),
('043208', '20201', '', '', '', '', '', ''),
('043208', '22201', '', '', '', '', '', ''),
('043208', '25201', '', '', '', '', '', ''),
('043208', '26201', '', '', '', '', '', ''),
('043208', '55201', '', '', '', '', '', ''),
('043212', '11404', '', '', '', 'B', '11/25/2016', 'Terakreditasi'),
('043212', '14401', '', '', '', 'C', '2/17/2016', 'Terakreditasi'),
('043212', '15401', '', '', '', 'B', '11/11/2016', 'Terakreditasi'),
('043212', '13201', '032', '2012', '', 'B', '10/18/2017', 'Terakreditasi'),
('043212', '14201', '', '', '', 'B', '5/2/2013', 'Terakreditasi'),
('043243', '55201', '020', '2010', '', 'C', '10/8/2015', 'Terakreditasi'),
('043243', '57201', '', '', '', 'C', '3/21/2015', 'Terakreditasi'),
('043243', '56201', '', '', '', '', '', ''),
('043262', '20201', '', '', '', '', '', ''),
('043262', '26201', '', '', '', '', '', ''),
('043262', '55201', '', '', '', '', '', ''),
('043268', '57601', '', '', '', '', '', ''),
('043268', '57602', '', '', '', '', '', ''),
('043268', '57401', '', '', '', 'C', '10/5/2009', 'Reakreditasi'),
('043268', '57402', '', '', '', '', '', ''),
('043268', '55201', '', '', '', 'C', '12/8/2011', 'Reakreditasi'),
('043269', '61403', '', '', '', ' ', '', ''),
('043269', '62401', '', '', '', '', '', ''),
('043269', '61201', '', '', '', 'C', '10/19/2009', 'Reakreditasi'),
('043269', '62201', '', '', '', 'C', '10/19/2009', 'Reakreditasi'),
('043275', '61201', '', '', '', 'C', '9/17/2015', 'Terakreditasi'),
('043275', '62201', '', '', '', 'C', '9/17/2015', 'Terakreditasi'),
('043296', '62401', '', '', '', 'C', '12/23/2015', 'Terakreditasi'),
('043296', '61405', '', '', '', '', '', ''),
('043296', '61201', '', '', '', 'C', '2/4/2016', 'Terakreditasi'),
('043296', '62201', '032', '2010', '', 'C', '12/23/2015', 'Terakreditasi'),
('043301', '14401', '009', '2008', '', 'B', '8/3/2013', 'Terakreditasi'),
('043301', '13462', '', '', '', ' ', '', ''),
('043301', '14201', '', '', '', 'C', '1/7/2016', 'Terakreditasi'),
('043307', '15401', '', '', '', 'C', '7/28/2016', 'Terakreditasi'),
('043307', '13453', '', '', '', ' ', '', ''),
('043307', '14201', '', '', '', 'C', '8/12/2016', 'Terakreditasi'),
('043315', '14401', '', '', '', 'C', '5/14/2015', 'Terakreditasi'),
('043315', '14201', '', '', '', 'C', '11/18/2016', 'Terakreditasi'),
('043317', '13453', '', '', '', ' ', '', ''),
('043317', '47201', '', '', '', '', '', ''),
('043324', '90201', '', '', '', 'C', '4/19/2005', 'Reakreditasi'),
('043324', '90211', '', '', '', 'C', '3/8/2005', 'Reakreditasi'),
('043324', '90221', '', '', '', 'C', '4/19/2005', 'Reakreditasi'),
('043324', '90231', '', '', '', 'C', '4/19/2005', 'Reakreditasi'),
('043324', '90241', '', '', '', 'C', '3/8/2005', 'Reakreditasi'),
('044002', '62401', '024/SK/BAN-PT/Ak-XV/S/I/2013 ', '2013', '', 'C', '1/25/2018', 'Terakreditasi'),
('044022', '63412', '009', '2008', '', 'B', '8/3/2013', 'Terakreditasi'),
('044033', '57601', '', '', '', '', '', ''),
('044033', '57401', '', '', '', 'C', '5/29/2014', 'Terakreditasi'),
('044034', '93401', '', '', '', '', '', ''),
('044034', '93402', '', '', '', '', '', ''),
('044049', '63612', '', '', '', '', '', ''),
('044049', '63512', '', '', '', '', '', ''),
('044049', '63412', '015', '2009', '', 'B', '7/31/2014', 'Terakreditasi'),
('044050', '93602', '', '', '', '', '', ''),
('044050', '93402', '024/SK/BAN-PT/Ak-XV/S/I/2013 ', '2013', '', 'C', '1/25/2018', 'Terakreditasi'),
('044051', '61602', '', '', '', '', '', ''),
('044051', '61402', '', '', '', ' ', '', ''),
('044071', '61401', '022', '2012', '', 'C', '8/15/2017', 'Terakreditasi'),
('044071', '63412', '015', '2009', '', 'B', '7/31/2014', 'Terakreditasi'),
('044072', '94606', '', '', '', '', '', ''),
('044072', '94406', '167/SK/BAN-PT/Ak-XIII/Dpl-III/VIII/2013 ', '2013', '', 'B ', '8/15/2018', 'Terakreditasi'),
('044074', '20601', '', '', '', '', '', ''),
('044074', '21601', '', '', '', '', '', ''),
('044074', '24604', '', '', '', '', '', ''),
('044074', '20401', '', '', '', 'C', '6/19/2014', 'Terakreditasi'),
('044074', '22401', '', '', '', 'D', '8/28/2014', 'Terakreditasi'),
('044074', '24404', '', '', '', 'C', '6/26/2014', 'Terakreditasi'),
('044074', '21401', '', '', '', '', '', ''),
('044075', '24401', '116/SK/BAN-PT/Ak-XII/Dpl-III/IV/2013 ', '2013', '', 'B ', '4/12/2018', 'Terakreditasi'),
('044075', '24404', '116/SK/BAN-PT/Ak-XII/Dpl-III/IV/2013 ', '2013', '', 'B ', '4/12/2018', 'Terakreditasi'),
('044082', '93402', '', '', '', 'B', '8/12/2016', 'Terakreditasi'),
('044092', '21407', '', '', '', '', '', ''),
('044092', '40401', '', '', '', '', '', ''),
('044092', '40403', '', '', '', '', '', ''),
('044092', '40405', '', '', '', '', '', ''),
('044093', '93602', '', '', '', '', '', ''),
('044093', '93402', '028', '2010', '', 'B', '2/25/2015', 'Terakreditasi'),
('044109', '13462', '', '', '', ' ', '', ''),
('044111', '93603', '', '', '', '', '', ''),
('044111', '94606', '', '', '', '', '', ''),
('044111', '94607', '', '', '', '', '', ''),
('044111', '93503', '', '', '', '', '', ''),
('044111', '94506', '', '', '', '', '', ''),
('044111', '94507', '', '', '', '', '', ''),
('044111', '93402', '', '', '', 'B', '2/25/2015', 'Terakreditasi'),
('044113', '20402', '', '', '', ' ', '', ''),
('044124', '61406', '', '', '', '', '', ''),
('044133', '79409', '024/SK/BAN-PT/Ak-XV/S/I/2013 ', '2013', '', 'C', '1/25/2018', 'Terakreditasi'),
('044133', '79402', '', '', '', '', '', ''),
('044143', '14401', '', '', '', 'C', '7/10/2014', 'Terakreditasi'),
('044162', '57401', '', '', '', 'C', '5/15/2015', 'Terakreditasi'),
('044162', '57402', '', '', '', 'C', '4/30/2015', 'Terakreditasi'),
('044168', '61405', '', '', '', 'B', '4/30/2015', 'Terakreditasi'),
('044168', '63412', '', '', '', 'B', '12/30/2015', 'Terakreditasi'),
('044180', '14401', '', '', '', 'B', '8/20/2015', 'Terakreditasi'),
('044188', '15401', '', '', '', 'C', '1/10/2014', 'Terakreditasi'),
('044216', '15401', '', '', '', 'C', '9/9/2016', 'Terakreditasi'),
('044217', '15401', '', '', '', '', '', ''),
('044224', '15401', '040/SK/BAN-PT/Ak-XII/Dpl-III/II/2013 ', '2013', '', 'C ', '2/7/2018', 'Terakreditasi'),
('044228', '15401', '032', '2012', '', 'C', '12/22/2017', 'Terakreditasi'),
('044236', '93403', '', '', '', 'B', '11/9/2012', 'Terakreditasi'),
('044236', '93401', '', '', '', '', '', ''),
('044236', '93402', '', '', '', '', '', ''),
('044238', '', '', '', '', '', '', ''),
('045001', '20401', '', '', '', 'C', '3/8/2007', 'Reakreditasi'),
('045001', '20403', '', '', '', 'C', '5/6/2005', 'Reakreditasi'),
('045001', '21401', '', '', '', 'C', '08/03/2007', 'Reakreditasi'),
('045001', '22401', '', '', '', '', '', ''),
('045001', '24401', '', '', '', '', '', ''),
('045001', '61406', '', '', '', '', '', ''),
('045001', '62401', '', '', '', '', '', ''),
('045001', '63412', '', '', '', ' ', '', ''),
('045002', '56401', '178/SK/BAN-PT/Ak-XIII/Dpl-III/VIII/2013 ', '2013', '', 'C ', '8/30/2018', 'Terakreditasi'),
('045002', '61404', '', '', '', '', '', ''),
('045002', '61406', '', '', '', 'B', '5/11/2011', 'Reakreditasi'),
('045002', '62401', '', '', '', 'B', '5/4/2011', 'Reakreditasi'),
('045002', '63412', '', '', '', 'C', '11/05/2009', 'Reakreditasi'),
('045002', '93402', '', '', '', 'B', '6/15/2011', 'Reakreditasi'),
('045008', '57401', '172/SK/BAN-PT/Ak-XIII/Dpl-III/VIII/2013 ', '2013', '', 'B ', '8/24/2018', 'Terakreditasi'),
('045008', '57402', '172/SK/BAN-PT/Ak-XIII/Dpl-III/VIII/2013 ', '2013', '', 'B ', '8/24/2018', 'Terakreditasi'),
('045008', '63411', '', '', '', 'A', '1/13/2012', 'Reakreditasi'),
('045009', '', '', '', '', '', '', ''),
('045009', '', '', '', '', '', '', ''),
('045009', '55401', '', '', '', 'B', '12/23/2015', 'Terakreditasi'),
('045009', '57401', '', '', '', 'B', '9/19/2013', 'Terakreditasi'),
('045009', '61404', '', '', '', 'C', '8/3/2013', 'Terakreditasi'),
('045009', '62401', '', '', '', 'B', '1/21/2016', 'Terakreditasi'),
('045009', '63414', '241/SK/BAN-PT/Ak-XIII/Dpl-III/XII/2013 ', '2013', '', 'B ', '12/7/2018', 'Terakreditasi'),
('045009', '63311', '013', '2012', '', 'C', '10/18/2017', 'Terakreditasi'),
('045011', '20401', '', '', '', ' ', '', ''),
('045011', '21402', '', '', '', ' ', '', ''),
('045011', '27401', '', '', '', ' ', '', ''),
('045013', '62401', '', '', '', 'B', '12/8/2016', 'Terakreditasi'),
('045013', '63411', '', '', '', 'B', '12/8/2016', 'Terakreditasi'),
('045013', '70401', '', '', '', 'B', '11/4/2016', 'Terakreditasi'),
('045013', '57401', '190/SK/BAN-PT/Ak-XIII/Dpl-III/IX/2013 ', '2013', '', 'C ', '9/21/2018', 'Terakreditasi'),
('045018', '57401', '103/SK/BAN-PT/Ak-XII/Dpl-III/IV/2013 ', '2013', '', 'C ', '4/4/2018', 'Terakreditasi'),
('045018', '62401', '116/SK/BAN-PT/Ak-XII/Dpl-III/IV/2013 ', '2013', '', 'B ', '4/12/2018', 'Terakreditasi'),
('045018', '62402', '', '', '', '', '', ''),
('045027', '13461', '028', '2011', '', 'B', '1/7/2016', 'Terakreditasi'),
('045027', '56401', '', '', '', 'B', '12/30/2015', 'Terakreditasi'),
('045027', '13462', '', '', '', ' ', '', ''),
('045027', '57401', '', '', '', 'B', '12/29/2012', 'Reakreditasi'),
('045027', '63413', '', '', '', 'B', '12/29/2012', 'Reakreditasi'),
('045027', '57301', '', '', '', 'B', '7/15/2017', 'Terakreditasi'),
('045027', '57302', '', '', '', ' ', '', ' '),
('045030', '11402', '', '', '', 'C', '6/9/2016', 'Terakreditasi'),
('045030', '13461', '029', '2011', '', 'C', '1/14/2016', 'Terakreditasi'),
('045030', '94404', '', '', '', 'C', '6/9/2016', 'Terakreditasi'),
('045031', '57401', '', '', '', 'C', '12/30/2015', 'Terakreditasi'),
('045031', '63411', '028', '2011', '', 'C', '1/7/2016', 'Terakreditasi'),
('045031', '70402', '', '', '', 'C', '1/14/2016', 'Terakreditasi'),
('045034', '14401', '', '', '', 'B', '12/30/2015', 'Terakreditasi'),
('045034', '15401', '', '', '', 'C', '1/7/2016', 'Terakreditasi'),
('045034', '48401', '', '', '', 'C', '2/17/2016', 'Terakreditasi'),
('045035', '56401', '', '', '', 'C', '12/30/2015', 'Terakreditasi'),
('045035', '57401', '', '', '', 'B', '10/22/2015', 'Terakreditasi'),
('045035', '57402', '', '', '', 'B', '9/24/2015', 'Terakreditasi'),
('045035', '93402', '', '', '', '', '', ''),
('045036', '31401', '', '', '', 'B', '10/2/2011', 'Reakreditasi'),
('045036', '34401', '', '', '', 'B', '10/2/2011', 'Reakreditasi'),
('045036', '57401', '', '', '', 'C', '10/2/2009', 'Reakreditasi');

-- --------------------------------------------------------

--
-- Table structure for table `users`
--

CREATE TABLE IF NOT EXISTS `users` (
  `id` int(11) NOT NULL AUTO_INCREMENT,
  `nama` varchar(50) NOT NULL,
  `username` varchar(50) NOT NULL,
  `password` varchar(50) NOT NULL,
  `email` varchar(50) NOT NULL,
  `no_tlp` varchar(50) NOT NULL,
  `kode_pt` varchar(50) NOT NULL,
  `status` int(11) NOT NULL,
  `date` date NOT NULL,
  PRIMARY KEY (`id`)
) ENGINE=InnoDB  DEFAULT CHARSET=latin1 AUTO_INCREMENT=32 ;

--
-- Dumping data for table `users`
--

INSERT INTO `users` (`id`, `nama`, `username`, `password`, `email`, `no_tlp`, `kode_pt`, `status`, `date`) VALUES
(1, 'derry', 'derry', 'derry', 'derry@yahoo.com', '0934', '043046', 2, '2014-03-12'),
(9, 'doddy', 'doddy', 'doddy', 'derrydwityapranata7@yahoo.com', '093', '044002', 0, '2014-03-19'),
(11, 'dewa', 'dewa', 'dewa', 'derrydwityapranata7@gmail.com', '123', '044133', 0, '2014-03-20'),
(12, 'test', 'test', 'test', 'jpetra.class@gmail.com', 'test', '044109', 0, '2014-03-21'),
(13, 'ari', 'ari', 'ari', 'jpetra.class@gmail.com', '087871631823', '044168', 0, '2014-03-22'),
(14, 'odank', 'odank', 'odank', 'andyiskandar509@gmail.com', '083', '044133', 0, '2014-03-23'),
(15, 'qwer', 'qwer', 'qwer', 'andyiskandar509@gmail.com', '083', '044051', 0, '2014-03-23'),
(16, 'qwer', 'qwer', 'qwer', 'andyiskandar509@gmail.com', '083', '044034', 0, '2014-03-23'),
(17, 'qqq', 'qqq', 'qqq', 'andyiskandar509@gmail.com', '083', '044143', 0, '2014-03-23'),
(18, 'haha', 'sinceifoundu@yahoo.com', 'hahahaha', 'sinceifoundu@yahoo.com', 'hahahaha', '044133', 0, '2014-03-23'),
(19, 'odank', 'odank', 'odank', 'andyiskandar509@gmail.com', '083', '044051', 0, '2014-03-23'),
(20, 'q', 'q', 'q', 'andyiskandar509@gmail.com', '123', '044093', 0, '2014-03-23'),
(21, '', '', '', 'derry_dwitya@yahoo.com', '', '044217', 0, '2014-03-23'),
(22, 'w', 'w', 'w', 'andyiskandar509@gmail.com', '1', '044033', 0, '2014-03-23'),
(23, 'qq', 'qq', 'qq', 'derrydwityapranata7@yahoo.com', '033', '044071', 0, '2014-03-23'),
(24, 'a', 'a', 'a', 'andyiskandar509@gmail.com', '123', '044050', 0, '2014-03-23'),
(25, 'a', 'a', 'a', 'andyiskandar509@gmail.com', '12', '044050', 0, '2014-03-23'),
(26, 'a', 'a', 'a', 'andyiskandar509@gmail.com', '12', '044050', 0, '2014-03-23'),
(27, 'q', 'q', 'q', 'andyiskandar509@gmail.com', '12', '044082', 0, '2014-03-23'),
(28, 'q', 'q', 'q', 'andyiskandar509@gmail.com', '12', '044051', 0, '2014-03-23'),
(29, 'q', 'q', 'q', 'andyiskandar509@gmail.com', '123', '044168', 0, '2014-03-23'),
(30, 'z', 'z', 'z', 'andyiskandar509@gmail.com', '123', '044109', 0, '2014-03-23'),
(31, 'q', 'q', 'q', 'andyiskandar509@gmail.com', '123', '044034', 0, '2014-03-23');

/*!40101 SET CHARACTER_SET_CLIENT=@OLD_CHARACTER_SET_CLIENT */;
/*!40101 SET CHARACTER_SET_RESULTS=@OLD_CHARACTER_SET_RESULTS */;
/*!40101 SET COLLATION_CONNECTION=@OLD_COLLATION_CONNECTION */;
